aX,aY,aZ,gX,gY,gZ
-0.239,-0.417,2.759,76.111,37.720,-33.936
-0.359,-0.603,3.010,80.750,59.875,-27.222
-0.451,-0.725,3.128,77.942,94.910,-13.550
-0.537,-0.820,3.120,67.078,137.817,3.357
-0.628,-0.784,3.001,50.354,185.181,24.048
-0.699,-0.724,2.764,34.363,229.248,43.213
-0.772,-0.683,2.489,23.743,263.367,58.533
-0.877,-0.610,2.190,11.108,291.443,71.045
-0.990,-0.496,1.859,-3.601,314.148,78.430
-1.083,-0.328,1.541,-14.832,330.750,80.688
-1.128,-0.259,1.257,-16.785,338.928,77.576
-1.134,-0.204,0.964,-17.212,343.994,71.960
-1.127,-0.186,0.726,-20.813,344.543,66.528
-1.095,-0.150,0.524,-27.039,342.712,63.110
-1.005,-0.081,0.365,-31.067,340.820,63.110
-0.912,-0.029,0.213,-27.100,340.881,63.904
-0.787,-0.012,0.044,-16.296,341.858,64.697
-0.659,-0.020,-0.122,-3.845,334.534,65.308
-0.515,-0.002,-0.188,0.793,319.763,63.416
-0.424,0.014,-0.234,-1.648,302.551,56.946
-0.324,0.012,-0.205,-0.977,285.889,50.598
-0.201,-0.023,-0.215,7.141,275.024,48.950
-0.096,-0.044,-0.245,15.381,268.555,53.101
-0.030,-0.058,-0.253,20.935,261.047,58.655
0.029,-0.038,-0.324,24.170,258.789,65.552
0.133,-0.020,-0.412,24.902,257.019,70.923
0.238,-0.010,-0.513,20.264,252.319,74.036
0.363,0.044,-0.647,8.057,245.056,75.500
0.435,0.103,-0.725,-4.028,234.863,76.172
0.481,0.165,-0.762,-11.292,222.900,77.637
0.550,0.243,-0.807,-17.578,214.600,79.529
0.598,0.328,-0.872,-24.414,208.984,78.186
0.607,0.413,-0.969,-32.043,204.529,72.144
0.598,0.467,-1.082,-33.325,201.050,65.613
0.642,0.485,-1.217,-23.743,196.106,62.683
0.691,0.491,-1.345,-10.620,189.880,62.256
0.759,0.485,-1.477,1.038,180.786,60.669
0.824,0.414,-1.588,3.662,166.138,55.725
0.890,0.407,-1.689,-10.071,147.034,47.180
0.912,0.420,-1.730,-30.640,124.268,37.292
0.947,0.404,-1.710,-44.678,101.318,27.771
0.993,0.394,-1.696,-49.438,82.214,21.606
0.995,0.413,-1.636,-44.556,60.974,19.348
0.984,0.462,-1.489,-30.029,37.170,17.578
0.979,0.478,-1.293,-6.470,12.451,14.587
0.952,0.396,-1.014,16.968,-11.169,7.324
0.944,0.320,-0.790,28.137,-30.579,-1.099
0.927,0.297,-0.548,29.541,-45.532,-6.287
0.882,0.265,-0.298,28.809,-57.007,-10.315
0.853,0.210,-0.088,26.489,-59.814,-13.367
0.859,0.159,0.087,21.362,-52.246,-13.000
0.857,0.124,0.166,12.878,-40.527,-11.169
0.872,0.116,0.161,0.000,-26.489,-9.277
0.884,0.128,0.084,-13.184,-13.367,-8.240
0.899,0.134,-0.030,-19.775,-2.808,-6.409
0.919,0.147,-0.145,-19.775,4.822,-3.723
0.942,0.154,-0.232,-16.479,7.629,-2.686
0.957,0.165,-0.297,-13.306,7.874,-3.052
0.961,0.164,-0.343,-9.399,6.104,-3.784
0.961,0.148,-0.364,-4.517,3.296,-4.456
0.953,0.124,-0.361,-1.099,0.610,-4.700
0.948,0.102,-0.344,-0.793,-0.488,-4.456
0.943,0.087,-0.319,-2.686,0.061,-3.906
0.952,0.086,-0.307,-4.944,1.282,-2.625
0.959,0.107,-0.310,-6.714,2.258,-0.366
0.958,0.146,-0.313,-7.446,1.892,1.343
0.958,0.176,-0.322,-4.517,0.488,1.465
0.966,0.176,-0.307,-0.183,-1.709,0.610
0.959,0.167,-0.286,3.235,-4.517,-0.610
0.951,0.156,-0.276,4.333,-5.859,-2.075
0.952,0.133,-0.269,5.371,-6.104,-2.625
0.949,0.112,-0.253,6.531,-5.798,-2.319
0.948,0.094,-0.236,5.615,-4.211,-1.282
0.955,0.092,-0.218,3.357,-2.869,0.244
0.945,0.108,-0.210,0.183,-2.502,1.709
0.939,0.138,-0.224,-1.648,-0.916,2.747
0.953,0.167,-0.256,-0.854,0.427,2.869
0.953,0.175,-0.275,1.099,0.061,1.709
0.956,0.165,-0.285,3.296,-1.038,0.183
0.956,0.152,-0.293,4.456,-1.587,-0.305
0.962,0.144,-0.294,5.127,-2.014,-0.061
0.955,0.139,-0.283,4.944,-2.747,0.366
0.951,0.140,-0.253,4.578,-3.296,0.977
0.943,0.146,-0.215,4.578,-3.357,1.648
0.933,0.144,-0.190,5.493,-1.831,2.502
0.938,0.140,-0.189,6.348,0.244,3.357
0.951,0.139,-0.197,4.944,1.343,2.869
0.950,0.138,-0.198,2.747,0.549,1.160
0.951,0.135,-0.205,0.793,0.122,-0.488
0.953,0.128,-0.213,0.244,0.793,-0.793
0.956,0.117,-0.222,1.221,0.977,0.244
0.943,0.098,-0.224,2.563,1.709,1.343
0.946,0.091,-0.230,2.441,3.906,2.930
0.945,0.102,-0.244,1.648,6.042,5.188
0.948,0.127,-0.266,0.977,6.836,6.470
0.954,0.143,-0.293,0.671,6.409,6.226
0.956,0.156,-0.310,0.732,4.822,5.188
0.960,0.160,-0.316,0.793,2.869,3.906
0.954,0.164,-0.309,1.038,1.221,2.441
0.950,0.157,-0.295,2.258,0.183,1.892
0.946,0.147,-0.279,3.845,-0.244,1.709
0.951,0.137,-0.271,4.639,0.183,1.892
0.953,0.138,-0.267,4.944,0.061,2.258
0.940,0.139,-0.265,5.127,-0.305,2.808
0.941,0.147,-0.254,5.493,0.061,3.296
0.941,0.160,-0.257,5.554,0.732,3.662
0.944,0.169,-0.267,6.226,1.099,3.418
0.948,0.161,-0.265,6.958,1.099,2.258
0.946,0.153,-0.262,7.019,0.793,1.770
0.948,0.153,-0.252,6.836,1.221,2.014
0.946,0.155,-0.257,6.714,2.014,2.563
0.950,0.158,-0.263,7.019,2.502,3.113
0.948,0.161,-0.260,6.714,1.953,2.747
0.946,0.157,-0.260,6.775,1.587,2.075
0.947,0.154,-0.261,6.531,2.136,2.441
0.945,0.154,-0.265,6.042,2.319,2.869
0.948,0.150,-0.274,4.944,2.014,2.625
0.950,0.156,-0.274,3.662,1.282,2.075
0.948,0.164,-0.275,2.075,0.000,1.282

-0.366,-0.359,2.113,47.424,31.738,0.000
-0.390,-0.432,2.201,45.471,50.598,3.296
-0.419,-0.489,2.249,40.588,70.740,9.399
-0.451,-0.498,2.253,32.898,93.140,17.639
-0.482,-0.489,2.227,26.367,114.929,26.062
-0.522,-0.492,2.202,24.597,136.230,33.752
-0.566,-0.496,2.184,28.076,157.532,42.419
-0.623,-0.502,2.183,34.058,177.490,51.514
-0.680,-0.534,2.191,38.696,193.604,59.570
-0.736,-0.578,2.210,39.551,207.764,64.758
-0.807,-0.630,2.232,37.537,221.130,68.359
-0.897,-0.661,2.235,33.142,235.474,73.364
-0.981,-0.696,2.159,25.146,254.089,79.895
-1.094,-0.673,1.995,12.024,278.748,89.355
-1.195,-0.590,1.763,-0.183,306.702,100.769
-1.284,-0.466,1.456,-6.287,332.581,111.572
-1.270,-0.374,1.120,-10.437,352.905,117.371
-1.198,-0.298,0.803,-18.799,362.000,116.882
-1.117,-0.216,0.575,-33.691,358.154,110.657
-1.058,-0.132,0.369,-49.622,350.647,101.624
-0.996,-0.033,0.226,-58.716,345.459,94.421
-0.952,0.004,0.137,-53.406,341.614,89.722
-0.897,0.056,-0.020,-41.382,346.191,89.783
-0.772,0.115,-0.146,-26.550,349.487,92.590
-0.625,0.153,-0.290,-14.343,348.816,94.666
-0.423,0.183,-0.337,-9.644,343.567,92.957
-0.335,0.208,-0.428,-11.719,336.731,88.196
-0.172,0.209,-0.446,-19.104,328.552,81.116
-0.067,0.177,-0.487,-25.757,316.162,73.975
0.040,0.239,-0.591,-36.987,310.242,69.336
0.127,0.283,-0.673,-38.574,301.086,65.735
0.205,0.295,-0.799,-26.001,293.457,64.697
0.317,0.260,-0.872,-9.949,288.025,67.566
0.472,0.262,-0.963,0.061,281.067,73.914
0.537,0.325,-1.087,-0.366,272.095,80.322
0.523,0.460,-1.243,-10.559,261.047,82.092
0.540,0.566,-1.396,-22.705,245.239,76.660
0.620,0.605,-1.551,-36.072,227.783,66.101
0.705,0.603,-1.742,-55.725,212.830,53.711
0.764,0.562,-1.918,-78.491,196.106,39.856
0.828,0.489,-2.050,-100.708,176.575,24.719
0.863,0.474,-2.204,-118.958,159.363,12.268
0.942,0.476,-2.304,-115.417,138.916,8.545
1.004,0.469,-2.240,-90.454,106.873,7.751
1.054,0.445,-2.094,-56.335,65.063,2.625
1.072,0.361,-1.812,-21.179,18.066,-4.517
1.002,0.249,-1.413,7.263,-26.245,-13.062
0.939,0.162,-1.029,26.672,-57.312,-18.311
0.883,0.086,-0.669,39.978,-75.378,-19.592
0.882,0.036,-0.363,44.312,-80.078,-18.066
0.882,0.021,-0.112,44.250,-78.674,-14.954
0.875,0.013,0.060,41.382,-72.937,-11.902
0.874,-0.010,0.170,36.560,-63.293,-9.766
0.878,-0.034,0.211,28.870,-51.758,-7.812
0.893,-0.041,0.187,15.625,-39.856,-6.836
0.905,0.003,0.115,-0.610,-28.870,-6.470
0.911,0.054,0.013,-11.353,-18.372,-5.310
0.921,0.087,-0.082,-11.047,-9.888,-3.052
0.938,0.096,-0.161,-5.554,-4.333,-0.610
0.944,0.096,-0.198,-0.549,-1.282,1.587
0.938,0.114,-0.226,2.808,1.526,3.723
0.947,0.112,-0.236,5.676,4.761,5.554
0.953,0.098,-0.250,7.568,7.629,6.348
0.951,0.109,-0.271,7.080,9.644,7.507
0.974,0.134,-0.306,3.540,10.193,7.080
0.979,0.152,-0.325,-1.404,6.897,4.333
0.973,0.164,-0.329,-5.310,2.380,0.977
0.977,0.167,-0.330,-6.104,-0.610,-1.099
0.974,0.167,-0.319,-3.479,-2.869,-1.648
0.968,0.140,-0.289,2.136,-5.188,-1.587
0.962,0.108,-0.246,6.470,-6.409,-1.038
0.955,0.086,-0.218,8.057,-5.920,0.061
0.959,0.080,-0.204,8.057,-4.150,2.563
0.950,0.093,-0.197,7.019,-3.418,4.700
0.957,0.110,-0.217,4.395,-3.601,4.272
0.961,0.130,-0.227,0.610,-4.639,2.319
0.953,0.158,-0.229,-0.916,-6.104,0.488
0.953,0.172,-0.220,0.732,-6.287,-0.732
0.954,0.157,-0.200,5.371,-5.737,-1.465
0.957,0.129,-0.190,9.094,-4.150,-1.343
0.958,0.114,-0.168,11.414,-2.563,0.244
0.958,0.098,-0.148,10.376,-1.465,1.587
0.953,0.112,-0.156,7.202,0.000,2.869
0.960,0.132,-0.184,4.333,0.793,2.930
0.964,0.128,-0.203,2.930,0.732,1.709
0.955,0.129,-0.204,1.221,-0.122,0.916
0.955,0.128,-0.211,-0.732,-0.366,-0.305
0.956,0.131,-0.222,-1.404,0.244,-0.793
0.962,0.152,-0.248,-0.671,0.916,-0.793
0.967,0.138,-0.253,3.052,0.854,-1.038
0.967,0.110,-0.254,6.226,0.366,-1.282
0.969,0.103,-0.255,6.104,-0.488,-0.610
0.964,0.113,-0.256,4.211,-1.770,-0.427
0.962,0.113,-0.248,2.563,-3.784,-0.916
0.954,0.110,-0.233,0.916,-5.066,-1.282
0.955,0.117,-0.222,-0.671,-5.188,-1.160
0.953,0.126,-0.222,-1.709,-4.272,-1.221
0.963,0.120,-0.232,-0.977,-3.357,-1.648
0.964,0.114,-0.236,-0.183,-3.418,-1.953
0.962,0.119,-0.240,0.793,-3.845,-1.404
0.958,0.109,-0.227,3.540,-4.211,-0.854
0.968,0.098,-0.225,5.493,-3.906,-0.610
0.965,0.090,-0.225,5.676,-4.456,-0.305
0.961,0.087,-0.225,4.578,-4.456,0.305
0.963,0.096,-0.225,3.113,-3.723,0.610
0.959,0.112,-0.218,2.014,-3.601,1.221
0.957,0.122,-0.217,2.136,-3.052,1.465
0.957,0.122,-0.209,3.235,-2.563,1.709
0.956,0.118,-0.201,4.333,-2.563,1.160
0.957,0.121,-0.195,4.333,-1.770,1.038
0.960,0.121,-0.192,4.761,-1.038,1.709
0.954,0.118,-0.195,4.883,-0.305,2.258
0.960,0.125,-0.204,4.272,0.549,3.174
0.961,0.132,-0.214,3.479,0.610,3.418
0.959,0.129,-0.225,2.930,0.488,3.235
0.958,0.131,-0.242,1.648,0.671,3.052
0.965,0.150,-0.250,0.061,0.427,3.113
0.961,0.161,-0.240,0.488,-0.488,2.441
0.955,0.163,-0.235,2.258,-1.099,1.709

-0.298,-0.422,1.959,34.729,44.373,2.502
-0.337,-0.478,2.047,33.081,57.312,4.761
-0.369,-0.509,2.096,31.738,75.439,10.315
-0.402,-0.529,2.109,31.006,96.130,17.639
-0.439,-0.544,2.087,31.189,117.493,26.062
-0.467,-0.553,2.040,31.799,139.343,35.828
-0.503,-0.557,1.984,31.860,159.302,45.837
-0.542,-0.561,1.925,30.823,177.856,56.091
-0.583,-0.535,1.843,29.114,195.251,65.735
-0.619,-0.506,1.744,27.100,210.571,72.998
-0.657,-0.483,1.662,25.146,222.107,77.026
-0.691,-0.484,1.560,22.217,232.361,78.674
-0.710,-0.478,1.428,15.198,243.164,80.139
-0.719,-0.452,1.283,4.333,254.395,82.581
-0.725,-0.397,1.126,-5.859,266.174,86.243
-0.719,-0.342,0.940,-12.695,279.724,91.248
-0.691,-0.264,0.733,-15.137,292.236,96.619
-0.615,-0.203,0.510,-17.944,300.415,98.816
-0.517,-0.161,0.325,-23.010,301.025,96.191
-0.410,-0.130,0.172,-30.151,293.762,90.698
-0.274,-0.106,0.068,-39.124,280.762,83.313
-0.182,-0.071,0.007,-49.133,265.259,75.439
-0.106,-0.041,-0.006,-56.946,251.465,67.932
-0.051,-0.014,-0.032,-59.326,242.920,63.171
0.030,0.042,-0.060,-54.626,239.563,62.805
0.117,0.069,-0.082,-38.696,236.450,66.162
0.186,0.080,-0.131,-20.325,235.535,70.740
0.277,0.070,-0.173,-8.545,230.591,72.632
0.378,0.063,-0.197,-6.226,220.398,71.228
0.433,0.077,-0.212,-14.526,209.473,67.383
0.473,0.089,-0.223,-25.940,198.120,63.721
0.528,0.132,-0.237,-39.856,187.561,59.814
0.561,0.199,-0.272,-51.392,180.237,55.542
0.594,0.266,-0.301,-50.171,175.903,53.833
0.637,0.297,-0.327,-34.119,172.180,54.993
0.693,0.280,-0.337,-12.512,169.006,56.824
0.712,0.229,-0.319,4.395,162.720,57.739
0.734,0.167,-0.314,8.179,156.006,56.519
0.762,0.130,-0.297,-4.517,147.522,51.575
0.797,0.183,-0.308,-29.236,138.489,44.067
0.821,0.312,-0.397,-51.025,135.254,38.269
0.867,0.377,-0.491,-53.345,133.301,35.889
0.886,0.402,-0.576,-43.152,130.920,34.790
0.892,0.441,-0.641,-27.832,126.709,35.095
0.907,0.465,-0.691,-12.024,121.216,34.119
0.934,0.419,-0.708,3.601,115.417,30.151
0.954,0.343,-0.712,10.986,108.521,25.574
0.968,0.290,-0.709,5.066,100.525,21.362
0.985,0.283,-0.720,-10.437,94.116,18.311
0.980,0.280,-0.722,-25.146,90.149,16.785
0.992,0.260,-0.725,-30.823,87.952,18.372
0.985,0.258,-0.740,-31.311,86.670,20.996
0.983,0.255,-0.766,-26.489,82.886,22.827
0.992,0.251,-0.763,-18.127,75.317,23.132
1.017,0.245,-0.769,-12.390,62.500,20.508
1.024,0.241,-0.744,-11.230,45.349,14.709
1.021,0.238,-0.691,-12.207,27.222,7.812
1.010,0.232,-0.613,-12.756,11.353,1.709
0.994,0.218,-0.514,-11.597,-0.244,-2.625
0.976,0.213,-0.440,-8.362,-5.127,-3.906
0.976,0.192,-0.373,-1.404,-6.836,-3.113
0.968,0.166,-0.316,4.578,-7.263,-1.648
0.963,0.157,-0.259,6.531,-7.324,0.122
0.954,0.167,-0.213,4.944,-8.972,0.183
0.953,0.190,-0.187,0.061,-10.742,-2.441
0.959,0.198,-0.183,-3.906,-13.062,-5.798
0.962,0.200,-0.178,-4.517,-15.625,-9.033
0.957,0.190,-0.168,0.000,-17.151,-9.888
0.959,0.154,-0.148,7.690,-16.052,-9.033
0.965,0.111,-0.127,13.123,-13.611,-7.080
0.964,0.086,-0.113,13.367,-10.681,-4.395
0.964,0.096,-0.100,8.362,-8.484,-2.502
0.957,0.131,-0.105,1.221,-7.507,-1.648
0.953,0.177,-0.122,-3.723,-6.897,-1.770
0.957,0.205,-0.128,-4.333,-7.935,-2.808
0.954,0.211,-0.132,-1.770,-9.216,-3.723
0.958,0.192,-0.126,2.869,-8.789,-4.883
0.972,0.158,-0.127,6.897,-7.568,-5.615
0.974,0.120,-0.125,8.850,-5.920,-4.883
0.968,0.085,-0.121,10.498,-3.601,-3.052
0.970,0.073,-0.128,9.277,-1.038,-0.305
0.972,0.085,-0.140,4.517,-0.549,1.404
0.973,0.127,-0.163,-1.709,-2.075,1.038
0.972,0.179,-0.176,-5.066,-4.211,-0.061
0.968,0.211,-0.160,-2.625,-6.836,-0.549
0.968,0.215,-0.153,3.357,-8.240,-1.465
0.963,0.195,-0.142,9.033,-8.240,-2.319
0.964,0.153,-0.119,13.306,-7.935,-2.808
0.961,0.118,-0.089,11.658,-7.080,-2.991
0.958,0.099,-0.078,6.165,-5.127,-3.113
0.956,0.105,-0.081,0.061,-2.502,-2.686
0.958,0.121,-0.100,-3.357,-0.610,-1.465
0.967,0.142,-0.122,-4.944,0.671,-0.793
0.966,0.165,-0.135,-4.578,0.488,-0.427
0.970,0.176,-0.140,-2.258,-0.244,-0.916
0.973,0.166,-0.142,0.916,0.061,-1.648
0.976,0.143,-0.139,4.395,-0.305,-1.404
0.971,0.125,-0.132,5.005,-0.854,-1.587
0.969,0.111,-0.123,3.357,-1.343,-1.892
0.966,0.108,-0.118,0.244,-1.282,-2.014
0.966,0.122,-0.119,-2.930,-0.732,-1.770
0.963,0.143,-0.126,-4.456,-0.122,-1.648
0.967,0.157,-0.136,-2.991,0.549,-1.343
0.970,0.157,-0.147,0.732,0.732,-1.099
0.972,0.147,-0.151,3.723,0.793,-0.671
0.972,0.141,-0.151,3.540,0.061,-1.160
0.972,0.138,-0.147,0.977,-0.732,-2.014
0.973,0.141,-0.143,-0.549,-1.465,-2.258
0.967,0.142,-0.143,-1.526,-1.648,-2.319
0.967,0.142,-0.143,-2.197,-1.709,-2.502
0.968,0.147,-0.145,-2.380,-1.953,-2.563
0.970,0.150,-0.131,-1.282,-2.075,-2.136
0.963,0.139,-0.121,0.916,-1.221,-1.953
0.966,0.129,-0.117,3.052,0.000,-1.221
0.968,0.125,-0.125,3.601,0.671,-0.671
0.974,0.121,-0.139,2.930,0.671,-0.916
0.975,0.119,-0.145,0.977,-0.244,-1.343
0.974,0.125,-0.146,-0.793,-1.465,-1.770
0.972,0.142,-0.144,-1.221,-2.075,-1.709

-0.392,-0.341,2.113,49.133,41.870,10.376
-0.439,-0.402,2.214,49.316,57.556,14.526
-0.484,-0.436,2.268,46.997,77.881,20.020
-0.520,-0.450,2.264,41.138,101.868,26.550
-0.563,-0.443,2.215,35.583,126.526,33.447
-0.603,-0.435,2.143,31.494,149.109,39.734
-0.632,-0.448,2.069,29.785,169.128,46.631
-0.669,-0.432,1.972,26.489,188.721,53.772
-0.700,-0.406,1.862,22.034,206.482,59.753
-0.737,-0.371,1.738,18.005,221.741,64.514
-0.782,-0.327,1.634,14.465,233.826,67.871
-0.817,-0.288,1.510,10.864,242.554,69.214
-0.836,-0.233,1.398,4.211,250.549,68.359
-0.863,-0.182,1.321,-0.671,258.667,67.139
-0.902,-0.144,1.208,-0.305,269.165,68.298
-0.893,-0.110,1.084,5.554,283.447,72.021
-0.833,-0.098,0.880,11.597,299.133,76.050
-0.763,-0.094,0.675,13.367,310.425,77.332
-0.697,-0.098,0.481,9.583,315.308,77.209
-0.617,-0.060,0.290,2.014,315.491,76.111
-0.503,-0.039,0.153,-4.761,307.556,71.716
-0.419,-0.029,0.028,-12.207,298.767,65.430
-0.331,-0.016,-0.073,-18.005,290.405,61.462
-0.233,0.017,-0.155,-19.470,281.189,60.486
-0.098,0.062,-0.231,-17.639,273.621,61.707
0.018,0.090,-0.304,-13.733,267.151,61.951
0.155,0.105,-0.360,-12.695,259.094,61.890
0.262,0.115,-0.420,-15.869,251.038,60.852
0.361,0.147,-0.476,-24.902,242.920,59.937
0.441,0.193,-0.571,-36.926,233.521,55.603
0.554,0.255,-0.638,-49.927,220.581,47.485
0.663,0.264,-0.679,-56.091,203.308,38.086
0.734,0.285,-0.722,-55.664,188.782,31.677
0.803,0.314,-0.724,-46.692,175.781,30.945
0.855,0.326,-0.724,-28.137,164.490,34.241
0.913,0.336,-0.735,-6.897,158.081,39.673
0.961,0.307,-0.731,11.108,147.705,43.396
0.960,0.256,-0.674,16.602,132.874,40.344
0.953,0.211,-0.594,8.118,116.211,32.593
0.976,0.189,-0.547,-9.705,102.600,23.193
0.997,0.163,-0.523,-29.236,92.834,14.099
1.011,0.181,-0.571,-46.570,87.463,6.470
1.028,0.255,-0.634,-54.626,84.106,3.174
1.051,0.258,-0.658,-44.983,77.820,2.808
1.073,0.226,-0.677,-29.358,72.632,3.418
1.082,0.227,-0.674,-14.893,64.819,5.615
1.069,0.211,-0.623,-1.892,52.612,5.859
1.062,0.163,-0.551,6.531,41.138,3.540
1.052,0.121,-0.504,9.155,31.799,1.526
1.034,0.115,-0.420,7.202,22.400,-0.793
1.016,0.087,-0.312,5.615,13.428,-3.174
1.006,0.053,-0.213,5.249,9.705,-4.028
1.001,0.028,-0.156,5.920,9.766,-3.296
0.991,0.018,-0.114,7.263,10.925,-0.793
0.988,0.025,-0.087,8.972,11.536,3.174
0.970,0.033,-0.065,9.094,11.597,5.310
0.973,0.039,-0.064,6.958,12.085,5.554
0.981,0.057,-0.090,3.418,13.489,5.371
0.987,0.066,-0.110,1.099,13.855,4.944
0.993,0.078,-0.122,-0.732,12.939,4.456
1.001,0.071,-0.129,-0.549,11.902,4.028
1.001,0.057,-0.130,0.488,12.939,4.822
1.004,0.074,-0.128,1.587,13.855,7.141
1.001,0.081,-0.135,4.272,14.587,10.010
0.998,0.107,-0.154,7.141,15.869,13.367
0.985,0.139,-0.153,8.972,13.916,14.648
0.990,0.150,-0.146,8.606,10.742,11.963
0.994,0.148,-0.136,5.981,8.423,8.240
0.993,0.139,-0.118,1.587,5.554,4.822
0.996,0.143,-0.109,-3.479,3.357,1.892
0.995,0.165,-0.096,-5.981,2.197,0.671
0.996,0.166,-0.080,-2.014,1.648,1.465
0.998,0.133,-0.057,5.493,3.174,3.662
0.980,0.116,-0.039,11.353,5.188,7.507
0.965,0.116,-0.042,13.550,6.958,9.949
0.966,0.107,-0.056,11.719,8.057,8.484
0.983,0.104,-0.069,6.165,6.775,4.944
0.990,0.108,-0.081,-0.916,4.395,0.854
0.993,0.127,-0.098,-6.409,2.319,-1.038
0.988,0.149,-0.107,-6.836,0.854,-1.465
0.982,0.148,-0.100,-2.380,-0.244,-1.465
0.974,0.140,-0.069,2.441,-1.099,-0.671
0.966,0.119,-0.041,4.150,-1.648,-1.038
0.964,0.105,-0.032,0.916,-0.488,-2.258
0.968,0.102,-0.041,-4.944,0.793,-3.174
0.972,0.105,-0.053,-9.705,1.892,-3.662
0.985,0.109,-0.069,-12.146,2.808,-3.906
0.988,0.113,-0.079,-11.658,3.296,-3.723
0.989,0.114,-0.092,-9.094,2.625,-3.235
0.987,0.104,-0.090,-5.310,1.282,-3.174
0.981,0.091,-0.083,-1.709,0.549,-2.991
0.982,0.077,-0.069,0.916,-0.427,-2.380
0.983,0.068,-0.063,1.709,-0.793,-2.441
0.980,0.065,-0.059,1.892,-0.488,-2.258
0.977,0.065,-0.052,1.892,-0.305,-1.648
0.972,0.071,-0.047,0.427,0.183,-1.587
0.974,0.072,-0.051,-1.648,0.488,-2.197
0.978,0.079,-0.062,-3.235,0.854,-2.686
0.978,0.086,-0.068,-3.845,1.038,-2.747
0.980,0.088,-0.069,-3.113,1.282,-2.441
0.981,0.084,-0.059,-0.671,1.465,-1.709
0.980,0.064,-0.063,2.136,2.136,-1.221
0.984,0.052,-0.065,3.052,2.258,-0.671
0.978,0.056,-0.067,1.526,1.953,-0.244
0.985,0.064,-0.075,0.305,1.404,-0.061
0.987,0.068,-0.073,0.244,0.488,-0.122
0.985,0.070,-0.071,0.366,-0.244,-0.183
0.979,0.091,-0.072,0.732,-0.305,-0.061
0.980,0.090,-0.061,2.686,-0.610,0.305
0.977,0.074,-0.050,4.822,-0.488,0.549
0.981,0.068,-0.050,4.272,0.183,0.916
0.981,0.075,-0.053,2.319,0.488,1.465
0.980,0.080,-0.063,0.671,0.854,1.465
0.984,0.083,-0.076,0.122,2.014,1.587
0.982,0.093,-0.088,0.366,2.625,2.441
0.985,0.100,-0.101,0.977,2.686,2.686
0.986,0.098,-0.105,2.319,1.831,2.747
0.982,0.103,-0.097,2.441,0.000,2.197
0.979,0.106,-0.086,1.648,-1.831,0.977

-0.359,-0.335,2.230,37.354,46.570,0.061
-0.420,-0.400,2.353,32.349,63.171,1.770
-0.432,-0.434,2.408,24.902,85.510,6.775
-0.471,-0.417,2.374,15.137,112.427,13.184
-0.512,-0.384,2.286,9.766,138.489,20.020
-0.538,-0.363,2.177,12.146,164.062,29.053
-0.569,-0.365,2.064,18.799,186.829,37.720
-0.585,-0.361,1.942,21.484,204.407,45.776
-0.603,-0.369,1.809,18.250,219.482,49.805
-0.618,-0.397,1.674,9.094,228.577,52.551
-0.656,-0.350,1.538,-8.118,230.713,55.420
-0.704,-0.282,1.393,-27.527,232.910,54.932
-0.729,-0.227,1.229,-40.710,237.671,53.772
-0.719,-0.189,1.041,-47.180,246.399,53.894
-0.668,-0.136,0.811,-50.354,257.812,53.589
-0.619,-0.073,0.618,-56.702,262.512,51.392
-0.568,-0.028,0.498,-57.922,258.972,47.180
-0.489,0.016,0.409,-51.941,257.324,43.701
-0.370,0.033,0.322,-39.001,252.747,43.579
-0.291,0.058,0.240,-28.259,248.413,41.809
-0.224,0.076,0.192,-23.315,242.798,37.476
-0.163,0.082,0.163,-21.301,236.389,32.776
-0.096,0.071,0.163,-17.944,230.713,28.625
-0.024,0.036,0.083,-17.334,230.042,25.757
0.074,0.050,-0.041,-25.208,229.980,23.132
0.156,0.137,-0.171,-32.776,222.656,20.081
0.264,0.187,-0.182,-28.748,210.083,17.334
0.346,0.165,-0.162,-12.268,199.219,16.357
0.411,0.100,-0.110,6.470,192.871,19.958
0.463,0.076,-0.116,19.592,189.331,24.109
0.522,0.032,-0.153,21.423,183.533,25.757
0.580,0.030,-0.202,13.367,176.575,22.705
0.630,0.058,-0.233,1.709,168.396,19.409
0.693,0.080,-0.251,-3.418,163.147,18.494
0.753,0.102,-0.281,-0.549,159.607,21.057
0.789,0.122,-0.340,7.935,155.701,25.635
0.835,0.153,-0.381,14.526,147.949,28.687
0.870,0.175,-0.364,16.541,134.705,28.564
0.892,0.184,-0.350,13.123,125.488,25.513
0.924,0.189,-0.359,6.775,119.263,21.118
0.956,0.195,-0.373,-2.625,113.098,16.663
0.983,0.211,-0.396,-10.193,108.093,11.536
1.002,0.234,-0.434,-13.062,103.455,8.484
1.006,0.233,-0.448,-10.376,95.581,8.362
1.008,0.216,-0.443,-5.005,88.684,7.568
1.025,0.220,-0.464,-1.770,84.778,6.409
1.040,0.231,-0.477,-1.831,77.759,5.737
1.044,0.225,-0.492,-1.709,70.923,1.221
1.056,0.196,-0.490,-5.066,65.186,-3.113
1.078,0.194,-0.493,-10.437,57.556,-6.592
1.091,0.183,-0.482,-12.085,50.293,-9.705
1.079,0.173,-0.453,-9.705,44.861,-10.742
1.068,0.150,-0.405,-5.737,37.476,-9.460
1.059,0.113,-0.355,0.000,32.471,-9.827
1.055,0.076,-0.315,1.221,28.015,-9.460
1.047,0.042,-0.273,2.258,22.522,-9.949
1.043,0.012,-0.238,0.000,19.104,-11.414
1.031,0.012,-0.196,-4.089,13.123,-11.292
1.028,-0.001,-0.167,-4.822,7.568,-11.841
1.020,-0.033,-0.134,-2.563,3.418,-12.207
1.023,-0.049,-0.106,-1.709,1.770,-11.353
1.006,-0.048,-0.091,-0.610,0.305,-8.423
1.000,-0.054,-0.054,3.601,-1.282,-6.165
0.991,-0.058,-0.019,6.653,-2.502,-4.028
0.983,-0.061,0.025,8.789,-2.930,-3.235
0.973,-0.045,0.050,7.690,-3.235,-2.075
0.974,-0.028,0.060,7.202,-2.930,-1.892
0.970,-0.004,0.072,6.409,-0.854,-2.136
0.973,-0.001,0.093,7.141,-0.122,-0.305
0.974,-0.006,0.103,9.277,1.526,1.831
0.978,-0.007,0.095,11.902,5.615,4.028
0.975,-0.013,0.079,11.414,8.850,7.263
0.970,0.012,0.037,10.254,11.536,8.606
0.974,0.028,0.020,7.080,11.719,9.033
0.982,0.039,0.016,4.822,9.827,7.507
0.984,0.062,0.012,2.014,7.629,5.798
0.987,0.086,0.010,0.671,5.859,4.944
0.982,0.087,0.016,2.869,4.700,4.333
0.982,0.074,0.023,6.653,5.737,4.333
0.989,0.051,0.025,10.376,6.836,5.859
0.985,0.033,0.022,12.756,8.423,7.690
0.982,0.025,0.015,12.268,8.972,8.240
0.981,0.035,0.004,9.521,8.789,8.362
0.987,0.058,-0.013,6.531,8.301,8.362
0.985,0.073,-0.020,3.662,7.446,7.141
0.984,0.096,-0.024,-1.282,5.676,4.700
0.988,0.131,-0.042,-7.446,4.150,1.770
0.992,0.138,-0.053,-8.118,3.601,-0.549
0.996,0.134,-0.063,-4.456,2.991,-1.099
1.000,0.101,-0.042,0.488,2.747,0.122
0.988,0.081,-0.028,5.371,2.991,1.282
0.979,0.061,-0.004,6.409,2.075,1.648
0.978,0.050,0.009,4.211,1.953,0.732
0.983,0.059,-0.004,0.366,2.991,0.244
0.991,0.061,-0.018,0.061,2.686,0.061
0.988,0.063,-0.022,-0.549,2.319,0.183
0.989,0.071,-0.014,-0.732,0.916,-0.122
0.979,0.073,-0.005,-1.648,0.916,-1.282
0.983,0.073,-0.004,-2.625,0.610,-1.953
0.983,0.078,-0.015,-3.845,1.404,-2.869
0.980,0.075,-0.018,-3.601,0.793,-3.113
0.979,0.064,-0.011,-3.235,0.183,-3.296
0.982,0.047,-0.001,-2.319,-0.427,-3.784
0.981,0.042,0.000,-3.967,0.427,-3.784
0.986,0.047,-0.006,-5.737,0.488,-3.174
0.987,0.041,-0.008,-3.845,0.916,-3.174
0.988,0.027,-0.000,-2.869,1.282,-1.892
0.986,0.022,0.015,-2.808,1.648,-0.488
0.977,0.042,0.014,-2.625,3.052,-0.244
0.978,0.043,0.003,-0.977,2.563,0.244
0.977,0.042,-0.005,-0.366,1.404,0.916
0.985,0.028,-0.009,1.587,-0.244,-0.854
0.987,0.021,-0.011,0.183,-0.671,-2.258
0.984,0.030,0.000,-1.160,-1.526,-2.197
0.981,0.026,0.010,-0.671,-0.854,-1.404
0.984,0.015,0.008,2.686,0.427,0.000
0.982,0.009,0.003,2.808,2.136,1.404
0.988,0.008,-0.002,0.977,2.991,2.014
0.988,0.017,-0.019,-2.380,4.150,2.686

-0.345,-0.361,2.049,37.720,44.556,-0.488
-0.384,-0.433,2.130,41.321,59.631,3.906
-0.429,-0.487,2.194,42.114,76.294,9.277
-0.476,-0.508,2.214,37.537,94.788,16.235
-0.527,-0.502,2.215,28.198,114.868,23.071
-0.557,-0.481,2.172,20.081,136.780,29.175
-0.591,-0.453,2.075,16.602,160.400,36.926
-0.624,-0.411,1.959,15.625,184.631,44.556
-0.641,-0.375,1.853,18.677,202.515,53.406
-0.657,-0.360,1.755,22.644,215.454,58.899
-0.701,-0.338,1.668,23.804,226.990,62.073
-0.755,-0.321,1.559,22.339,240.417,64.819
-0.774,-0.293,1.427,19.104,252.136,68.481
-0.781,-0.252,1.248,15.808,266.235,71.411
-0.787,-0.196,1.047,13.306,281.433,73.303
-0.746,-0.145,0.839,12.634,289.673,74.707
-0.677,-0.102,0.620,11.841,291.992,70.129
-0.587,-0.100,0.458,8.118,288.574,60.669
-0.473,-0.119,0.337,4.883,279.724,53.894
-0.380,-0.119,0.239,3.601,271.240,53.650
-0.287,-0.109,0.149,5.798,264.282,55.298
-0.218,-0.111,0.091,8.972,257.385,56.152
-0.169,-0.110,0.018,8.484,253.113,57.556
-0.084,-0.080,-0.034,3.784,251.465,58.289
0.020,-0.074,-0.078,-2.686,245.300,58.533
0.108,-0.023,-0.138,-11.047,239.746,58.289
0.241,-0.005,-0.140,-16.846,230.652,55.786
0.310,0.004,-0.163,-25.391,222.595,52.429
0.369,0.055,-0.215,-36.621,218.323,49.561
0.432,0.119,-0.291,-44.189,214.172,46.448
0.516,0.192,-0.371,-44.739,212.158,42.725
0.588,0.192,-0.374,-32.471,200.012,42.053
0.628,0.176,-0.349,-17.883,186.035,41.443
0.667,0.125,-0.285,-6.409,174.866,40.588
0.701,0.102,-0.266,-2.686,170.044,39.917
0.736,0.063,-0.233,-5.127,164.124,38.208
0.750,0.082,-0.268,-14.221,158.386,35.461
0.798,0.112,-0.311,-21.423,155.090,35.706
0.840,0.157,-0.367,-21.912,151.733,37.292
0.868,0.182,-0.397,-19.043,146.729,38.635
0.866,0.197,-0.417,-17.639,139.771,36.682
0.903,0.232,-0.438,-21.362,132.019,31.250
0.936,0.255,-0.483,-24.170,121.948,23.193
0.949,0.255,-0.520,-17.944,113.586,16.907
0.958,0.215,-0.526,-5.127,105.774,16.235
0.965,0.143,-0.488,5.310,98.450,17.029
0.966,0.068,-0.442,7.446,92.163,16.296
0.963,0.025,-0.432,-1.282,87.341,13.672
0.984,0.060,-0.495,-14.587,83.008,9.521
1.004,0.104,-0.574,-23.560,78.369,7.019
1.024,0.142,-0.600,-20.935,71.289,7.812
1.036,0.150,-0.600,-10.010,63.843,9.399
1.047,0.150,-0.608,3.235,57.922,11.414
1.067,0.147,-0.635,18.005,52.979,14.587
1.077,0.149,-0.653,33.386,47.485,18.860
1.072,0.122,-0.619,48.889,38.513,22.461
1.055,0.076,-0.559,56.458,27.832,25.085
1.040,0.036,-0.502,55.359,20.203,25.330
1.026,0.041,-0.449,45.044,14.343,23.743
1.008,0.068,-0.394,31.006,7.385,21.606
1.000,0.090,-0.343,18.799,1.770,18.188
0.998,0.123,-0.294,8.240,-1.465,14.404
0.992,0.173,-0.255,1.648,-3.418,11.475
0.989,0.193,-0.223,1.709,-4.333,9.888
0.986,0.185,-0.198,3.906,-5.188,8.972
0.984,0.168,-0.175,5.798,-6.348,8.240
0.982,0.150,-0.143,4.517,-6.897,6.348
0.981,0.124,-0.120,1.038,-6.531,4.150
0.980,0.110,-0.106,-3.601,-5.493,2.197
0.979,0.121,-0.093,-8.789,-7.324,2.136
0.968,0.142,-0.067,-12.207,-9.644,1.404
0.963,0.174,-0.050,-10.132,-10.010,1.221
0.956,0.176,-0.027,-2.686,-7.812,2.319
0.961,0.128,-0.007,6.226,-2.991,2.869
0.964,0.076,-0.004,11.169,1.953,4.761
0.962,0.064,-0.018,9.338,4.944,7.690
0.965,0.092,-0.057,5.371,8.118,8.606
0.972,0.134,-0.096,-0.427,9.949,7.874
0.976,0.161,-0.112,-6.836,6.714,6.165
0.988,0.176,-0.104,-9.521,2.319,2.808
0.988,0.203,-0.103,-10.864,0.427,-0.183
0.980,0.217,-0.113,-7.202,0.977,-1.343
0.982,0.176,-0.107,1.648,0.671,-0.488
0.985,0.125,-0.078,8.301,-0.183,-1.221
0.969,0.090,-0.049,7.568,-0.732,-1.953
0.964,0.083,-0.054,1.526,1.526,-3.113
0.972,0.104,-0.076,-7.568,2.319,-3.357
0.972,0.110,-0.095,-13.550,2.502,-3.845
0.985,0.102,-0.108,-15.381,2.319,-4.944
0.984,0.119,-0.121,-14.893,1.038,-5.859
0.975,0.129,-0.130,-12.146,1.282,-6.287
0.983,0.111,-0.133,-5.798,2.441,-6.348
0.987,0.064,-0.124,0.488,2.075,-4.272
0.981,0.033,-0.109,3.174,2.136,-2.686
0.975,0.027,-0.111,1.160,3.296,-2.563
0.976,0.044,-0.127,-4.639,4.272,-2.502
0.983,0.077,-0.140,-8.850,3.845,-2.808
0.980,0.100,-0.142,-9.766,1.953,-2.991
0.985,0.113,-0.148,-7.751,2.502,-3.723
0.983,0.106,-0.149,-4.272,1.221,-3.479
0.982,0.087,-0.147,-0.488,0.427,-2.869
0.983,0.068,-0.141,2.136,0.488,-2.380
0.984,0.051,-0.125,4.028,0.244,-2.197
0.982,0.047,-0.116,2.808,1.160,-2.136
0.980,0.052,-0.109,-0.183,0.549,-1.404
0.975,0.057,-0.106,-3.967,-0.061,-0.366
0.979,0.069,-0.112,-5.676,-0.061,-0.793
0.977,0.091,-0.125,-5.981,0.671,-1.343
0.975,0.109,-0.134,-4.883,0.732,-1.160
0.983,0.092,-0.132,-1.465,-0.061,-1.282
0.990,0.071,-0.129,2.747,-0.488,-2.014
0.984,0.067,-0.120,2.625,-0.244,-1.953
0.981,0.067,-0.115,0.793,-1.587,-1.160
0.982,0.072,-0.120,-0.671,-0.977,-1.892
0.982,0.079,-0.126,-2.197,-1.709,-1.343
0.981,0.086,-0.132,-1.709,-1.465,-1.953
0.981,0.090,-0.122,-1.709,-2.319,-1.099
0.976,0.085,-0.109,-0.122,-3.784,-1.343
0.976,0.088,-0.107,0.671,-3.723,-1.770

-0.368,-0.306,1.983,24.109,85.571,8.972
-0.381,-0.328,1.989,23.682,102.783,15.320
-0.409,-0.333,1.977,23.987,121.460,23.315
-0.424,-0.343,1.942,27.954,140.015,30.884
-0.445,-0.340,1.883,28.992,158.447,37.903
-0.473,-0.336,1.845,27.100,173.462,43.518
-0.533,-0.331,1.813,26.306,184.937,47.424
-0.569,-0.340,1.768,27.039,196.838,48.950
-0.593,-0.348,1.680,24.292,212.524,50.720
-0.612,-0.342,1.553,20.081,226.624,54.443
-0.613,-0.330,1.414,16.479,241.150,57.861
-0.626,-0.329,1.280,11.414,252.380,62.073
-0.625,-0.332,1.141,8.240,264.343,65.613
-0.600,-0.313,0.998,3.906,275.696,71.655
-0.576,-0.258,0.844,0.549,283.569,78.064
-0.503,-0.201,0.695,-0.244,288.330,80.627
-0.437,-0.149,0.561,-3.540,285.828,81.116
-0.374,-0.108,0.446,-10.254,282.532,77.209
-0.318,-0.051,0.339,-21.057,277.893,73.425
-0.250,0.009,0.238,-29.358,274.475,68.115
-0.172,0.035,0.157,-34.607,268.372,61.890
-0.108,0.049,0.088,-39.368,261.658,55.176
-0.037,0.109,0.015,-43.213,256.653,49.805
0.050,0.151,-0.025,-40.283,247.864,46.204
0.132,0.148,-0.035,-29.968,241.211,43.335
0.199,0.102,-0.054,-16.602,236.572,43.091
0.262,0.085,-0.101,-12.146,233.948,44.678
0.344,0.084,-0.155,-14.404,228.516,43.823
0.399,0.110,-0.214,-23.621,221.680,40.039
0.458,0.121,-0.224,-31.860,211.182,36.865
0.498,0.109,-0.228,-31.616,201.721,33.875
0.552,0.107,-0.251,-33.997,197.815,32.227
0.591,0.146,-0.316,-39.612,191.223,31.433
0.640,0.167,-0.339,-41.321,183.350,29.236
0.683,0.177,-0.375,-40.344,176.575,26.672
0.720,0.221,-0.456,-38.940,172.119,24.841
0.773,0.239,-0.509,-30.640,163.940,25.574
0.813,0.248,-0.570,-16.541,157.837,25.513
0.860,0.241,-0.599,-4.395,148.193,26.978
0.871,0.212,-0.573,6.226,135.315,27.588
0.884,0.167,-0.522,10.010,126.648,26.672
0.892,0.134,-0.516,4.822,119.751,26.306
0.909,0.153,-0.542,-6.470,115.234,24.048
0.919,0.206,-0.589,-16.418,109.497,22.278
0.937,0.265,-0.658,-15.625,105.225,20.630
0.953,0.287,-0.708,-5.066,100.098,20.874
0.978,0.298,-0.753,9.583,92.896,20.630
1.001,0.303,-0.795,21.240,86.060,18.738
1.017,0.281,-0.776,29.053,73.303,16.357
1.005,0.239,-0.728,29.602,61.157,10.803
1.001,0.169,-0.673,20.264,49.744,5.188
1.005,0.106,-0.623,4.272,40.405,-1.038
1.017,0.084,-0.587,-16.968,33.508,-6.042
1.017,0.104,-0.582,-34.668,30.640,-8.789
1.022,0.125,-0.583,-37.476,28.015,-5.188
1.032,0.146,-0.590,-25.818,26.367,-0.061
1.026,0.160,-0.548,-5.676,22.522,8.545
0.996,0.161,-0.491,13.794,18.738,15.503
0.982,0.152,-0.443,28.748,15.320,19.470
0.977,0.151,-0.392,33.325,10.010,20.081
0.969,0.147,-0.331,28.442,2.808,17.639
0.967,0.160,-0.294,19.287,-1.526,13.733
0.971,0.177,-0.267,10.315,-3.174,9.460
0.972,0.204,-0.239,3.357,-4.272,6.714
0.974,0.233,-0.212,1.831,-6.226,5.981
0.971,0.238,-0.180,6.531,-5.066,5.615
0.961,0.204,-0.132,14.709,-3.540,8.301
0.952,0.162,-0.099,21.179,-0.916,10.315
0.939,0.151,-0.089,19.531,2.319,11.108
0.935,0.156,-0.100,13.977,3.235,10.559
0.945,0.181,-0.117,8.179,4.028,7.996
0.947,0.188,-0.111,2.258,4.333,5.798
0.954,0.205,-0.120,-5.188,4.089,4.456
0.961,0.238,-0.152,-11.353,5.493,2.258
0.966,0.272,-0.197,-13.733,7.202,-0.183
0.977,0.278,-0.233,-10.681,7.385,-0.061
0.983,0.261,-0.257,-1.465,7.202,0.305
0.978,0.234,-0.262,5.981,6.409,0.305
0.971,0.197,-0.243,9.338,2.747,0.183
0.969,0.168,-0.218,6.409,0.854,-2.136
0.962,0.161,-0.198,0.061,-1.343,-3.296
0.960,0.168,-0.189,-6.409,-1.465,-4.517
0.968,0.176,-0.184,-10.803,-1.831,-4.395
0.966,0.222,-0.189,-11.902,-0.305,-4.333
0.965,0.225,-0.179,-6.531,-0.366,-3.174
0.959,0.188,-0.166,2.075,1.526,-3.174
0.952,0.150,-0.155,5.981,2.319,-3.052
0.947,0.124,-0.151,3.296,1.282,-2.991
0.958,0.108,-0.166,-0.610,1.221,-3.784
0.963,0.113,-0.172,-5.554,1.160,-4.089
0.961,0.125,-0.177,-7.935,0.916,-4.333
0.967,0.136,-0.191,-8.057,1.465,-3.540
0.965,0.140,-0.198,-2.686,1.282,-2.380
0.960,0.140,-0.199,1.526,1.831,-1.160
0.960,0.147,-0.204,2.747,3.357,-0.916
0.959,0.156,-0.207,1.892,2.747,-0.732
0.964,0.150,-0.210,1.709,1.953,-1.343
0.969,0.146,-0.219,1.099,2.319,-2.441
0.968,0.141,-0.223,-1.099,0.305,-2.686
0.968,0.153,-0.226,-2.686,-0.183,-3.479
0.970,0.156,-0.223,-2.502,-1.587,-3.174
0.972,0.139,-0.212,1.465,-2.380,-2.686
0.970,0.121,-0.197,3.235,-0.488,-2.380
0.965,0.112,-0.187,2.869,-0.183,-1.038
0.964,0.110,-0.181,2.014,0.305,0.916
0.957,0.113,-0.178,2.563,0.366,1.343
0.955,0.122,-0.176,1.343,1.160,0.671
0.955,0.131,-0.178,-1.465,-0.244,-0.244
0.959,0.134,-0.178,-2.686,-1.953,-1.953
0.963,0.140,-0.186,-2.930,-1.221,-2.747
0.964,0.137,-0.188,-1.038,-1.282,-1.892
0.965,0.132,-0.191,1.282,-0.183,-1.343
0.966,0.134,-0.200,2.136,0.000,-0.305
0.969,0.149,-0.215,3.235,0.732,0.061
0.970,0.156,-0.223,2.747,0.000,0.488
0.969,0.161,-0.236,1.892,-1.404,-0.183
0.970,0.163,-0.255,2.563,-2.869,-1.282
0.974,0.169,-0.275,2.991,-4.211,-1.648
0.981,0.171,-0.289,2.747,-5.127,-2.625

-0.386,-0.422,2.040,40.894,51.941,8.179
-0.420,-0.446,2.082,39.551,70.984,13.550
-0.446,-0.459,2.081,37.964,90.637,20.569
-0.458,-0.468,2.050,34.668,110.840,27.771
-0.482,-0.454,1.988,29.602,131.348,34.424
-0.492,-0.423,1.889,24.109,150.879,41.565
-0.496,-0.395,1.778,21.301,168.518,47.729
-0.516,-0.373,1.685,21.179,183.105,53.650
-0.527,-0.350,1.567,21.240,196.106,58.411
-0.524,-0.325,1.440,19.653,207.581,62.012
-0.526,-0.297,1.320,16.296,215.454,62.744
-0.515,-0.287,1.222,11.658,221.680,61.096
-0.509,-0.273,1.113,5.798,227.051,60.181
-0.487,-0.243,0.982,-0.671,234.741,59.387
-0.451,-0.233,0.860,-4.272,239.197,60.547
-0.408,-0.220,0.733,-6.287,243.835,60.547
-0.357,-0.187,0.608,-11.414,245.789,61.096
-0.293,-0.149,0.492,-14.038,246.094,59.998
-0.206,-0.137,0.408,-12.817,242.432,59.692
-0.123,-0.127,0.346,-9.766,236.755,59.326
-0.044,-0.111,0.304,-9.033,229.248,58.472
0.013,-0.096,0.281,-11.414,221.619,55.664
0.077,-0.064,0.283,-15.564,214.172,52.734
0.117,-0.056,0.311,-16.907,206.787,50.293
0.140,-0.042,0.312,-19.653,203.857,48.035
0.187,-0.036,0.305,-23.743,203.247,45.898
0.241,-0.016,0.266,-27.100,202.148,44.128
0.293,0.015,0.218,-28.564,200.562,42.480
0.349,0.029,0.183,-23.743,197.266,41.809
0.385,0.014,0.146,-14.709,193.665,41.504
0.417,-0.004,0.111,-8.057,190.796,41.809
0.461,-0.018,0.098,-4.700,186.035,41.443
0.498,-0.055,0.106,-6.470,180.054,39.490
0.516,-0.073,0.108,-13.916,175.720,36.987
0.550,-0.040,0.096,-22.888,173.889,36.316
0.579,-0.008,0.050,-26.306,172.729,36.316
0.617,0.023,-0.007,-26.245,172.302,35.217
0.639,0.047,-0.046,-21.545,169.189,34.668
0.676,0.051,-0.071,-14.465,166.443,36.194
0.698,0.055,-0.090,-9.216,163.147,38.208
0.711,0.073,-0.115,-11.169,160.767,38.391
0.739,0.086,-0.125,-20.996,156.372,35.278
0.757,0.109,-0.159,-36.743,152.893,29.419
0.780,0.152,-0.205,-54.321,150.879,23.010
0.809,0.205,-0.283,-66.406,149.536,16.907
0.846,0.257,-0.386,-69.275,148.743,12.085
0.870,0.301,-0.501,-60.730,147.339,8.362
0.914,0.274,-0.568,-43.884,140.259,6.104
0.949,0.216,-0.596,-27.344,130.981,3.967
0.956,0.162,-0.592,-18.860,119.141,3.174
0.953,0.107,-0.591,-18.555,107.910,-0.488
0.960,0.074,-0.594,-26.367,98.877,-4.028
0.980,0.057,-0.602,-33.203,90.698,-6.042
0.993,0.067,-0.616,-34.424,83.557,-6.226
1.002,0.098,-0.637,-32.104,79.651,-4.944
1.011,0.114,-0.642,-22.949,74.036,-2.014
1.029,0.114,-0.649,-8.972,69.092,1.404
1.033,0.108,-0.641,2.136,62.195,4.883
1.034,0.089,-0.617,10.803,51.941,6.226
1.027,0.067,-0.577,14.160,43.274,5.066
1.012,0.048,-0.524,12.451,33.752,4.395
1.007,0.043,-0.479,9.888,26.428,1.892
1.001,0.032,-0.426,6.348,20.752,0.549
0.998,0.016,-0.369,4.333,15.869,0.000
0.990,-0.000,-0.311,4.333,14.526,-0.061
0.980,0.013,-0.276,3.113,14.648,2.014
0.977,0.032,-0.262,3.540,16.296,3.296
0.979,0.053,-0.272,3.479,16.663,4.700
0.981,0.068,-0.288,5.371,16.418,4.028
0.986,0.067,-0.297,5.127,14.465,3.418
0.990,0.060,-0.293,5.005,11.719,1.892
0.986,0.054,-0.287,3.601,9.155,0.549
0.989,0.048,-0.286,2.380,7.263,-0.427
0.992,0.055,-0.292,2.197,5.798,-0.366
0.988,0.056,-0.290,3.784,4.700,-0.366
0.989,0.040,-0.271,7.080,3.235,0.854
0.977,0.032,-0.252,8.057,3.235,2.075
0.977,0.024,-0.240,7.141,2.319,3.174
0.979,0.026,-0.237,4.395,3.235,2.625
0.976,0.051,-0.241,0.244,2.441,1.953
0.977,0.067,-0.236,-2.502,-0.305,1.099
0.974,0.074,-0.230,-3.662,-2.625,-0.122
0.981,0.077,-0.224,-2.930,-4.028,-1.221
0.973,0.070,-0.204,0.488,-5.127,-1.831
0.969,0.039,-0.181,2.563,-4.272,-1.709
0.969,0.010,-0.164,3.723,-2.930,-1.038
0.969,-0.001,-0.162,2.258,-0.122,-0.183
0.968,0.002,-0.177,-0.610,1.587,2.258
0.970,0.025,-0.198,-1.526,4.272,3.418
0.972,0.042,-0.207,-3.113,3.662,5.554
0.970,0.069,-0.210,-2.441,1.404,4.639
0.975,0.063,-0.203,-1.953,0.671,1.587
0.975,0.070,-0.201,-2.197,-0.366,-0.610
0.975,0.077,-0.188,-2.197,-1.770,-0.244
0.970,0.064,-0.170,2.136,-1.770,-0.671
0.962,0.042,-0.148,5.493,-1.343,0.732
0.960,0.028,-0.145,6.653,0.427,1.038
0.964,0.028,-0.155,3.784,2.197,1.465
0.971,0.038,-0.173,-0.549,3.479,1.404
0.976,0.051,-0.192,-4.822,4.150,0.916
0.978,0.062,-0.202,-6.958,3.601,0.854
0.977,0.077,-0.206,-6.592,2.563,0.916
0.974,0.091,-0.215,-4.883,2.136,0.916
0.974,0.082,-0.217,0.183,1.770,0.061
0.977,0.056,-0.213,4.822,0.854,-0.427
0.974,0.037,-0.207,6.165,0.061,-1.221
0.970,0.011,-0.195,5.127,-1.343,-2.258
0.974,-0.003,-0.185,1.648,-2.136,-2.808
0.975,-0.004,-0.188,-2.258,-1.099,-2.441
0.977,-0.009,-0.208,-4.395,0.366,-1.160
0.984,-0.010,-0.229,-5.676,1.770,0.977
0.977,0.028,-0.226,-6.409,1.709,2.991
0.966,0.079,-0.222,-4.944,0.122,4.333
0.970,0.083,-0.226,0.366,-0.549,3.845
0.972,0.065,-0.218,5.920,-1.465,2.258
0.978,0.036,-0.208,6.653,-3.418,0.549
0.978,0.025,-0.200,4.150,-4.150,-0.610
0.975,0.032,-0.189,1.770,-4.700,-0.488
0.966,0.051,-0.186,0.366,-3.967,0.122

-0.348,-0.414,2.051,32.227,47.485,5.432
-0.390,-0.436,2.098,29.480,62.012,9.888
-0.401,-0.458,2.101,29.114,81.055,15.442
-0.425,-0.485,2.076,29.358,100.708,23.071
-0.440,-0.493,2.016,28.992,121.277,32.593
-0.459,-0.474,1.944,27.100,140.259,42.297
-0.478,-0.446,1.862,25.024,156.677,49.805
-0.497,-0.411,1.765,22.156,170.288,55.603
-0.504,-0.377,1.666,17.395,182.312,59.082
-0.512,-0.345,1.561,13.306,192.627,61.218
-0.524,-0.313,1.464,10.925,201.904,63.843
-0.528,-0.293,1.361,12.024,211.304,66.589
-0.524,-0.274,1.241,13.672,220.093,69.458
-0.506,-0.241,1.125,12.695,226.562,70.679
-0.503,-0.204,1.017,8.179,229.797,68.665
-0.487,-0.173,0.940,1.526,230.530,64.697
-0.462,-0.160,0.865,-2.869,231.506,60.425
-0.425,-0.139,0.774,-4.150,235.107,59.448
-0.368,-0.125,0.700,-2.197,238.281,60.669
-0.321,-0.110,0.626,1.831,240.784,62.866
-0.247,-0.070,0.550,3.662,241.394,64.331
-0.181,-0.035,0.491,3.174,239.197,62.866
-0.123,-0.039,0.473,2.441,234.253,59.082
-0.089,-0.049,0.439,0.488,230.957,55.359
-0.052,-0.047,0.409,-3.174,229.797,54.199
-0.027,-0.014,0.345,-7.874,229.797,53.833
0.034,-0.002,0.304,-11.902,230.164,52.124
0.072,-0.005,0.234,-14.832,230.225,50.415
0.151,0.009,0.142,-21.729,230.774,47.791
0.225,0.011,0.058,-30.640,227.112,42.175
0.277,0.026,-0.008,-40.588,220.032,35.156
0.338,0.046,-0.056,-49.805,210.999,27.405
0.396,0.059,-0.095,-56.885,201.294,18.738
0.464,0.055,-0.104,-59.937,191.650,10.925
0.512,0.020,-0.099,-58.472,186.096,7.385
0.572,0.018,-0.133,-56.091,185.730,9.094
0.609,0.050,-0.193,-51.392,187.012,13.489
0.644,0.073,-0.260,-43.335,185.425,16.602
0.688,0.080,-0.306,-37.720,179.565,15.564
0.731,0.050,-0.317,-38.452,170.898,12.146
0.759,0.041,-0.352,-46.021,164.490,7.874
0.805,0.065,-0.434,-60.181,158.752,2.808
0.849,0.072,-0.487,-72.388,151.428,-4.028
0.909,0.099,-0.506,-80.200,140.015,-7.874
0.923,0.139,-0.507,-75.867,131.348,-9.644
0.939,0.147,-0.513,-61.096,125.977,-6.226
0.958,0.160,-0.580,-38.879,125.488,-2.625
0.986,0.141,-0.658,-14.099,123.535,3.052
1.005,0.092,-0.691,6.775,115.112,6.104
1.004,0.054,-0.667,15.015,101.074,5.615
1.002,0.018,-0.626,12.573,87.341,3.174
1.008,-0.011,-0.599,2.625,75.867,-0.732
1.019,-0.019,-0.588,-12.390,66.528,-6.409
1.044,0.013,-0.597,-27.527,57.068,-10.864
1.040,0.072,-0.617,-30.396,50.232,-13.306
1.058,0.059,-0.624,-15.015,46.326,-11.292
1.073,-0.009,-0.604,7.263,43.701,-6.042
1.070,-0.060,-0.565,24.719,37.964,-0.061
1.049,-0.080,-0.527,29.968,31.616,4.517
1.035,-0.066,-0.500,27.527,24.780,6.348
1.032,-0.065,-0.467,23.315,18.738,5.249
1.029,-0.077,-0.433,17.334,12.024,4.883
1.021,-0.053,-0.395,11.719,5.859,5.066
1.017,-0.034,-0.349,9.705,1.770,4.883
1.010,-0.023,-0.319,10.437,0.183,6.348
1.015,-0.009,-0.295,13.428,0.000,8.301
1.009,0.012,-0.271,16.602,-0.977,10.864
1.006,0.032,-0.246,20.996,-2.136,13.367
0.996,0.030,-0.209,24.902,-5.005,15.564
0.985,0.006,-0.163,27.222,-7.751,13.916
0.973,0.021,-0.124,22.522,-9.399,12.634
0.960,0.035,-0.086,15.747,-12.329,9.094
0.953,0.041,-0.052,7.446,-12.573,3.052
0.968,0.036,-0.034,1.526,-11.963,-0.977
0.970,0.032,-0.021,-2.014,-8.484,-3.357
0.969,0.044,-0.021,-4.211,-6.470,-2.991
0.970,0.037,-0.013,-1.343,-4.822,-2.502
0.964,0.018,0.000,2.014,-1.221,-2.014
0.962,0.002,0.007,3.235,0.610,0.610
0.951,-0.001,-0.010,3.723,3.601,1.160
0.964,-0.000,-0.053,1.953,8.301,0.793
0.974,-0.010,-0.087,-0.183,8.789,0.732
0.983,-0.013,-0.118,-2.625,8.789,-1.038
0.990,0.007,-0.139,-7.996,7.385,-1.953
0.997,0.026,-0.153,-9.583,4.822,-2.930
1.001,0.041,-0.163,-8.545,5.005,-3.235
1.001,0.039,-0.158,-2.441,3.906,-1.953
0.995,0.017,-0.139,4.517,2.930,0.793
0.982,-0.000,-0.116,10.071,1.770,1.526
0.979,-0.020,-0.101,10.620,2.258,1.160
0.978,-0.025,-0.094,6.165,3.601,-0.305
0.975,-0.015,-0.101,-0.549,3.296,-0.122
0.983,-0.012,-0.121,-4.272,3.418,-0.916
0.989,-0.002,-0.147,-6.042,3.662,-2.136
0.995,0.010,-0.169,-6.287,3.967,-2.380
0.998,0.020,-0.178,-4.639,1.831,-0.793
0.992,0.021,-0.165,0.549,0.122,0.183
0.984,0.013,-0.142,5.005,-0.366,0.732
0.979,-0.002,-0.111,7.812,-1.282,1.587
0.974,-0.024,-0.083,7.629,-0.305,1.648
0.968,-0.026,-0.068,4.883,0.366,2.258
0.962,-0.014,-0.072,0.977,2.380,1.709
0.970,-0.005,-0.090,-2.625,2.686,1.160
0.980,0.005,-0.110,-3.479,3.479,-0.305
0.985,0.010,-0.120,-2.869,3.418,-0.122
0.986,-0.003,-0.120,1.831,2.991,-0.122
0.982,-0.016,-0.121,4.211,2.747,0.916
0.982,-0.014,-0.129,4.944,2.808,1.160
0.983,-0.013,-0.129,3.113,3.113,0.610
0.988,-0.007,-0.135,0.549,1.831,0.854
0.990,0.001,-0.139,-0.122,1.526,0.244
0.989,0.008,-0.145,-0.427,2.563,0.061
0.989,0.008,-0.154,0.183,2.014,1.526
0.992,0.003,-0.160,3.418,1.099,1.953
0.990,0.001,-0.162,4.211,1.404,1.770
0.992,0.009,-0.163,4.150,-0.244,2.319
0.986,0.019,-0.158,5.127,-1.892,1.770
0.987,0.018,-0.149,5.493,-3.052,1.343
0.985,0.013,-0.140,5.676,-3.357,0.183

-0.399,-0.526,2.154,43.823,29.358,2.319
-0.439,-0.593,2.280,38.147,46.692,5.493
-0.488,-0.635,2.342,28.625,69.397,11.475
-0.519,-0.630,2.323,17.761,95.825,21.973
-0.532,-0.589,2.246,10.620,123.535,33.264
-0.573,-0.533,2.124,8.423,149.231,42.786
-0.574,-0.507,1.997,7.324,172.974,51.147
-0.596,-0.468,1.884,6.531,190.491,60.913
-0.611,-0.440,1.763,6.165,204.407,66.589
-0.633,-0.396,1.637,3.479,217.163,71.045
-0.646,-0.355,1.492,-1.953,231.323,72.815
-0.657,-0.321,1.344,-7.568,243.164,73.792
-0.641,-0.266,1.182,-15.686,251.404,76.111
-0.613,-0.191,0.999,-26.245,261.169,75.989
-0.580,-0.110,0.794,-32.959,266.541,72.083
-0.504,-0.049,0.618,-37.598,268.433,66.040
-0.419,-0.026,0.471,-40.405,263.306,59.692
-0.335,0.004,0.343,-42.542,254.822,53.040
-0.230,0.024,0.286,-42.969,243.286,45.166
-0.167,0.041,0.261,-41.870,227.722,36.926
-0.090,0.049,0.250,-37.415,218.079,30.640
-0.011,0.033,0.246,-28.076,209.595,27.344
0.069,0.008,0.245,-18.555,205.383,25.452
0.114,-0.020,0.261,-12.634,198.792,25.818
0.138,-0.015,0.270,-10.803,194.519,25.208
0.177,-0.018,0.276,-10.742,189.087,24.353
0.228,-0.009,0.262,-10.254,186.951,22.156
0.279,-0.010,0.248,-6.348,186.462,20.386
0.324,-0.012,0.219,-0.671,185.059,21.790
0.372,-0.027,0.196,4.822,182.190,24.536
0.394,-0.028,0.162,5.676,180.664,26.489
0.438,-0.006,0.130,4.272,177.856,27.161
0.480,-0.004,0.114,0.916,171.631,25.085
0.498,0.003,0.118,-3.052,164.795,21.057
0.531,0.005,0.131,-6.042,160.828,17.944
0.562,0.019,0.117,-9.583,159.119,17.090
0.591,0.027,0.082,-11.230,160.461,18.433
0.629,0.026,0.030,-8.484,162.964,19.775
0.660,0.024,-0.039,-7.141,164.673,20.874
0.691,0.042,-0.107,-7.812,161.987,22.278
0.732,0.041,-0.155,-7.263,156.128,23.132
0.765,0.068,-0.187,-9.277,149.597,22.888
0.795,0.090,-0.208,-12.512,142.944,21.362
0.819,0.091,-0.224,-16.663,138.611,18.127
0.846,0.090,-0.264,-21.790,137.146,14.709
0.886,0.083,-0.305,-27.222,135.742,12.634
0.906,0.090,-0.357,-35.278,133.240,10.071
0.926,0.114,-0.435,-41.931,131.287,7.874
0.956,0.128,-0.519,-40.405,128.540,5.554
0.970,0.130,-0.599,-35.461,121.826,4.211
1.003,0.130,-0.657,-31.677,113.953,1.831
1.030,0.111,-0.691,-26.672,103.943,-1.953
1.045,0.090,-0.689,-21.973,93.018,-3.113
1.058,0.073,-0.665,-16.418,83.740,-4.089
1.068,0.076,-0.654,-12.634,74.951,-5.249
1.068,0.085,-0.652,-7.629,65.247,-4.761
1.086,0.074,-0.624,1.587,56.152,-2.869
1.078,0.047,-0.563,11.963,45.654,-0.488
1.059,0.026,-0.490,15.442,36.255,1.587
1.036,0.032,-0.420,14.221,28.992,1.892
1.017,0.037,-0.361,11.780,23.987,1.221
1.007,0.036,-0.302,10.071,19.775,-0.183
1.007,0.037,-0.271,9.949,17.395,-1.099
1.007,0.017,-0.243,10.193,15.381,-0.488
1.007,0.008,-0.218,11.902,14.038,0.183
1.000,-0.001,-0.182,12.085,13.000,1.709
0.994,-0.006,-0.156,11.353,12.512,3.235
0.989,-0.006,-0.139,9.766,13.367,3.967
0.989,0.005,-0.154,7.141,15.442,4.333
0.993,0.007,-0.171,5.554,15.625,4.456
0.990,0.009,-0.181,3.418,13.794,2.686
0.994,0.029,-0.182,0.854,11.780,0.549
0.992,0.039,-0.178,0.671,8.850,-0.916
0.997,0.029,-0.167,1.953,7.385,-1.770
0.990,0.005,-0.148,4.333,5.798,-2.686
0.986,-0.023,-0.144,3.845,5.737,-2.380
0.997,-0.040,-0.158,2.625,6.836,-2.441
0.996,-0.029,-0.183,0.305,7.446,-0.549
1.000,-0.030,-0.199,1.953,7.324,1.953
1.001,-0.022,-0.205,4.456,5.920,3.113
1.001,-0.001,-0.204,5.127,4.272,3.052
0.995,0.016,-0.182,4.456,0.671,2.869
0.992,0.035,-0.155,3.235,-1.831,2.319
0.984,0.041,-0.124,3.967,-2.258,0.366
0.977,0.033,-0.107,5.127,-2.197,-0.916
0.982,0.015,-0.101,5.737,-2.625,-0.732
0.979,0.011,-0.099,5.066,-0.854,-0.366
0.974,0.009,-0.097,5.554,0.244,-0.061
0.977,-0.003,-0.093,3.845,0.488,0.732
0.977,0.000,-0.099,0.549,1.343,0.244
0.977,0.025,-0.112,-1.831,2.808,-0.732
0.980,0.032,-0.121,-2.197,2.258,-1.221
0.984,0.028,-0.118,-1.160,0.671,-0.854
0.980,0.020,-0.114,1.099,0.549,-1.099
0.981,0.005,-0.112,3.052,0.916,-0.793
0.979,-0.005,-0.112,4.883,1.343,-0.427
0.977,-0.010,-0.116,4.761,1.953,0.000
0.981,-0.013,-0.121,3.357,2.014,0.183
0.980,-0.004,-0.130,1.160,2.258,-0.061
0.981,0.009,-0.137,-0.183,1.282,-0.122
0.984,0.006,-0.138,0.183,0.916,-0.488
0.988,0.005,-0.140,-0.183,1.587,-1.038
0.983,0.008,-0.136,-0.671,0.977,0.000
0.984,0.010,-0.135,1.404,0.732,0.244
0.984,0.000,-0.133,3.296,1.892,-0.305
0.983,-0.008,-0.138,3.662,1.160,-0.122
0.985,-0.011,-0.148,2.014,0.549,0.305
0.987,-0.014,-0.154,2.075,-0.122,-0.671
0.990,-0.011,-0.162,1.465,0.671,-1.221
0.990,-0.006,-0.163,0.854,-0.366,-0.305
0.990,-0.010,-0.157,1.465,-1.648,0.854
0.990,-0.010,-0.148,3.418,-1.770,0.977
0.985,0.001,-0.139,3.784,-1.709,2.380
0.981,0.014,-0.135,6.958,-2.625,3.296
0.986,0.016,-0.133,10.071,-2.808,3.357
0.984,0.008,-0.124,11.841,-2.563,2.441
0.979,0.002,-0.112,11.536,-4.150,2.747
0.976,0.002,-0.104,10.864,-5.249,2.197
0.974,-0.000,-0.095,8.606,-4.944,1.587

-0.325,-0.423,1.985,32.043,52.063,11.230
-0.345,-0.469,2.028,33.325,65.796,15.076
-0.374,-0.502,2.072,30.090,78.796,20.813
-0.405,-0.500,2.066,22.949,93.689,24.902
-0.432,-0.473,2.027,14.587,110.107,29.175
-0.461,-0.451,1.980,10.864,126.648,33.508
-0.486,-0.447,1.921,11.963,141.968,39.368
-0.504,-0.436,1.858,16.296,158.081,46.631
-0.517,-0.408,1.783,19.897,172.119,53.833
-0.541,-0.389,1.708,19.531,183.594,57.800
-0.585,-0.366,1.646,15.442,195.007,59.814
-0.611,-0.338,1.554,13.977,205.872,63.354
-0.626,-0.336,1.463,15.381,216.248,66.956
-0.638,-0.336,1.361,15.259,226.990,70.190
-0.633,-0.301,1.230,11.475,238.525,74.402
-0.625,-0.253,1.089,7.996,248.779,78.308
-0.607,-0.209,0.946,7.507,255.676,81.055
-0.574,-0.178,0.785,3.906,260.132,79.895
-0.513,-0.150,0.635,-5.493,261.292,75.562
-0.449,-0.093,0.487,-16.418,257.751,69.397
-0.359,-0.054,0.394,-26.855,249.939,61.279
-0.282,-0.049,0.342,-33.264,242.737,52.979
-0.204,-0.043,0.292,-34.546,240.417,49.988
-0.138,-0.029,0.215,-28.870,241.577,52.246
-0.062,-0.021,0.135,-19.653,243.103,56.274
0.015,-0.036,0.076,-9.155,241.089,59.753
0.085,-0.042,0.025,-3.296,235.596,62.012
0.161,-0.048,-0.013,-1.953,228.088,61.768
0.245,-0.031,-0.073,-4.700,218.445,59.082
0.324,-0.035,-0.083,-8.545,205.566,54.443
0.384,-0.051,-0.069,-9.888,193.542,52.795
0.435,-0.032,-0.058,-9.521,187.561,55.420
0.471,0.010,-0.083,-9.155,185.547,59.814
0.532,0.068,-0.140,-10.010,185.608,62.317
0.573,0.129,-0.225,-12.085,183.777,62.256
0.645,0.173,-0.278,-13.306,177.795,61.218
0.684,0.186,-0.320,-12.878,169.800,59.143
0.720,0.202,-0.342,-13.855,162.170,56.702
0.763,0.199,-0.364,-18.616,153.931,52.002
0.789,0.172,-0.361,-30.396,144.409,43.518
0.835,0.174,-0.343,-50.415,134.705,32.288
0.877,0.207,-0.373,-71.228,128.967,21.057
0.913,0.256,-0.447,-79.468,126.831,14.160
0.959,0.292,-0.491,-69.641,123.108,14.160
0.978,0.298,-0.493,-51.025,115.479,15.503
0.975,0.293,-0.474,-35.583,106.323,15.442
0.976,0.270,-0.441,-28.748,97.534,12.939
0.985,0.263,-0.449,-31.372,91.125,7.324
1.000,0.256,-0.478,-35.950,86.121,2.502
1.006,0.242,-0.476,-36.438,79.224,-0.977
1.013,0.208,-0.463,-35.950,72.510,-3.723
1.019,0.186,-0.445,-35.950,65.491,-6.165
1.030,0.191,-0.422,-35.522,57.861,-7.568
1.022,0.186,-0.397,-30.640,51.453,-8.118
1.023,0.175,-0.362,-21.545,46.570,-6.592
1.036,0.164,-0.349,-12.146,43.701,-4.333
1.040,0.138,-0.346,-3.296,41.504,-1.831
1.025,0.114,-0.336,3.967,38.452,1.404
1.014,0.099,-0.321,6.470,34.485,2.563
1.005,0.099,-0.312,4.272,29.419,1.343
1.004,0.091,-0.287,-0.793,23.926,-1.892
1.012,0.086,-0.245,-7.080,17.822,-4.150
1.008,0.091,-0.208,-13.672,13.367,-6.348
1.010,0.102,-0.200,-17.395,12.207,-7.385
1.017,0.118,-0.198,-15.930,12.695,-5.859
1.024,0.119,-0.194,-8.240,13.184,-2.808
1.015,0.116,-0.183,2.747,14.221,2.014
0.999,0.128,-0.179,12.878,13.672,6.409
0.990,0.111,-0.156,18.555,11.963,6.775
0.992,0.094,-0.127,17.090,9.399,4.822
0.983,0.085,-0.101,10.925,5.920,2.075
0.981,0.080,-0.090,3.357,4.089,-1.099
0.981,0.078,-0.086,-3.357,3.540,-2.991
0.985,0.089,-0.086,-7.935,3.784,-3.784
0.996,0.092,-0.097,-9.155,5.127,-4.211
1.002,0.113,-0.109,-6.653,6.714,-2.991
0.995,0.132,-0.105,0.793,6.531,-0.061
0.984,0.118,-0.093,9.033,5.981,2.014
0.978,0.093,-0.072,13.306,4.272,1.892
0.970,0.067,-0.050,10.986,3.174,-0.122
0.971,0.052,-0.044,5.066,2.380,-1.831
0.969,0.059,-0.055,-1.892,3.357,-3.418
0.968,0.063,-0.058,-5.798,3.418,-4.272
0.979,0.055,-0.070,-7.568,4.395,-5.371
0.984,0.080,-0.094,-9.094,5.127,-5.737
0.991,0.092,-0.105,-6.836,4.761,-5.066
0.993,0.092,-0.099,-0.732,3.845,-3.540
0.985,0.076,-0.090,6.531,3.845,-2.441
0.977,0.059,-0.074,11.902,3.113,-0.549
0.969,0.042,-0.054,12.817,2.502,0.000
0.968,0.024,-0.042,9.521,3.723,-0.427
0.970,0.023,-0.047,4.150,6.042,-0.549
0.972,0.042,-0.069,-2.197,8.423,-0.671
0.974,0.055,-0.089,-6.653,9.583,-1.404
0.979,0.082,-0.108,-8.911,9.155,-1.953
0.989,0.105,-0.135,-7.812,8.789,-2.441
0.998,0.100,-0.150,-2.686,7.690,-2.502
0.996,0.077,-0.144,3.540,5.432,-1.831
0.988,0.050,-0.123,7.019,3.845,-1.587
0.982,0.030,-0.102,7.324,2.441,-1.343
0.980,0.019,-0.094,4.517,3.113,-1.465
0.975,0.025,-0.093,1.343,4.028,-1.038
0.977,0.034,-0.100,-0.122,5.066,-0.549
0.983,0.040,-0.115,-1.526,5.737,-0.305
0.990,0.047,-0.132,-2.686,6.042,-0.061
0.992,0.073,-0.146,-2.502,5.249,-0.061
0.991,0.084,-0.149,-1.282,3.479,-0.061
0.991,0.080,-0.145,1.892,1.709,-0.183
0.986,0.059,-0.125,4.456,0.488,-0.671
0.984,0.035,-0.103,4.272,-0.305,-1.038
0.979,0.032,-0.091,1.953,0.183,-0.793
0.974,0.042,-0.087,-0.427,0.732,-0.366
0.976,0.040,-0.088,-0.427,1.648,0.183
0.977,0.038,-0.101,0.977,3.052,1.282
0.976,0.045,-0.114,2.441,2.991,2.136
0.975,0.058,-0.112,3.418,1.648,1.953
0.982,0.059,-0.100,4.028,0.793,1.831
0.980,0.057,-0.097,4.517,0.916,1.221
0.974,0.053,-0.098,3.845,1.404,1.404

-0.312,-0.458,2.012,46.692,51.880,14.160
-0.338,-0.497,2.070,46.753,68.176,20.874
-0.377,-0.506,2.082,42.297,86.731,28.687
-0.391,-0.504,2.045,33.081,108.215,35.034
-0.401,-0.490,1.974,22.827,128.662,40.466
-0.428,-0.450,1.862,13.000,146.484,45.288
-0.433,-0.393,1.774,6.165,160.095,49.744
-0.454,-0.352,1.701,2.991,170.593,51.270
-0.468,-0.331,1.639,2.625,180.054,52.368
-0.485,-0.315,1.573,2.258,190.186,53.589
-0.478,-0.302,1.497,1.526,201.294,54.993
-0.479,-0.287,1.418,-0.549,212.708,56.946
-0.482,-0.262,1.296,-3.113,225.952,59.143
-0.470,-0.213,1.148,-6.104,238.647,61.768
-0.454,-0.158,0.999,-7.385,246.948,62.927
-0.424,-0.133,0.867,-3.784,251.221,63.477
-0.386,-0.132,0.761,1.831,252.625,63.416
-0.334,-0.143,0.670,4.028,250.732,61.707
-0.278,-0.142,0.590,-1.099,247.681,58.044
-0.223,-0.116,0.512,-10.132,243.713,54.749
-0.155,-0.061,0.431,-17.395,241.455,52.246
-0.076,-0.013,0.364,-17.700,239.014,50.415
-0.002,-0.022,0.330,-10.376,234.070,49.133
0.039,-0.032,0.292,-4.761,230.713,48.523
0.091,-0.036,0.253,-4.822,226.807,47.913
0.139,-0.027,0.216,-10.498,222.473,45.471
0.184,-0.007,0.168,-20.386,217.590,41.870
0.243,0.043,0.127,-31.372,211.731,37.354
0.312,0.081,0.108,-38.025,204.163,31.250
0.358,0.105,0.086,-37.598,198.120,25.818
0.414,0.137,0.056,-31.250,194.763,23.499
0.456,0.140,0.038,-17.517,191.589,23.865
0.489,0.123,0.020,-2.747,189.392,25.635
0.517,0.110,0.000,5.920,186.768,26.550
0.545,0.108,-0.010,5.249,181.091,24.658
0.588,0.068,0.014,-1.648,172.668,18.799
0.589,0.044,0.005,-16.357,167.297,11.353
0.624,0.039,-0.022,-32.288,164.490,5.249
0.661,0.036,-0.081,-43.030,162.903,0.671
0.698,0.038,-0.152,-44.800,163.757,-0.122
0.737,0.036,-0.191,-37.720,162.292,3.174
0.751,0.029,-0.220,-29.480,160.278,6.714
0.772,0.002,-0.247,-26.672,157.837,7.996
0.792,-0.015,-0.291,-34.485,153.992,5.981
0.822,-0.009,-0.339,-49.927,149.109,1.709
0.857,0.007,-0.394,-64.819,143.311,-2.625
0.880,0.054,-0.454,-73.364,138.245,-5.249
0.881,0.103,-0.513,-69.519,133.179,-5.859
0.905,0.143,-0.555,-54.138,129.028,-3.601
0.934,0.151,-0.568,-32.043,124.207,-0.977
0.941,0.124,-0.576,-10.437,118.225,1.343
0.934,0.083,-0.587,5.493,112.915,2.502
0.955,0.042,-0.602,16.235,106.689,3.967
0.963,0.010,-0.607,19.897,98.816,4.150
0.969,-0.001,-0.612,16.663,90.576,3.296
0.957,-0.005,-0.603,10.498,83.008,2.136
0.962,-0.028,-0.585,3.235,78.003,0.610
0.967,-0.053,-0.590,-5.737,75.256,-1.038
0.984,-0.037,-0.621,-16.235,73.975,-1.343
0.993,0.009,-0.676,-20.935,73.181,-0.183
1.006,0.036,-0.724,-13.489,70.374,2.991
1.001,0.020,-0.741,0.183,63.232,5.066
1.017,-0.000,-0.744,11.047,52.795,5.615
1.018,-0.028,-0.712,16.174,38.635,4.150
1.009,-0.039,-0.658,15.320,25.452,1.526
1.001,-0.051,-0.589,11.719,14.587,-0.916
0.992,-0.057,-0.513,8.179,7.507,-1.953
0.981,-0.068,-0.450,6.165,3.357,-1.587
0.974,-0.045,-0.413,5.127,2.991,0.305
0.970,-0.026,-0.380,6.897,3.296,3.174
0.957,-0.007,-0.353,10.010,2.441,5.310
0.950,-0.007,-0.322,12.024,1.160,4.822
0.956,-0.011,-0.297,10.559,-0.427,2.441
0.966,-0.019,-0.286,7.812,-2.808,0.122
0.959,-0.034,-0.271,5.676,-4.272,-1.221
0.960,-0.036,-0.259,4.456,-4.456,-1.282
0.956,-0.032,-0.242,4.028,-3.967,-0.610
0.955,-0.044,-0.239,5.188,-1.648,0.427
0.961,-0.037,-0.254,7.446,1.404,3.357
0.955,-0.011,-0.266,9.155,2.869,6.104
0.957,0.007,-0.265,9.583,2.747,7.080
0.957,0.013,-0.264,8.484,1.892,6.104
0.963,0.011,-0.265,4.822,1.770,4.700
0.966,0.011,-0.263,-0.061,1.099,2.930
0.966,0.015,-0.263,-4.822,0.488,1.404
0.963,0.037,-0.273,-8.240,0.610,0.244
0.968,0.054,-0.287,-6.287,1.038,0.244
0.968,0.056,-0.289,0.366,1.160,1.282
0.964,0.027,-0.266,7.446,0.000,1.526
0.961,0.004,-0.236,10.254,-1.282,1.160
0.957,-0.015,-0.222,9.705,-1.465,0.854
0.959,-0.035,-0.223,7.141,-0.366,0.549
0.959,-0.028,-0.233,4.150,0.549,1.282
0.957,-0.007,-0.241,1.770,0.854,2.319
0.957,0.003,-0.248,1.038,1.221,2.747
0.964,0.011,-0.248,0.244,1.770,2.808
0.960,0.016,-0.244,-0.671,1.892,2.502
0.965,0.016,-0.246,-1.221,2.441,2.014
0.963,0.015,-0.245,-0.854,2.808,2.197
0.962,0.005,-0.252,0.793,2.563,2.380
0.958,0.010,-0.267,1.404,3.174,2.686
0.961,0.011,-0.283,3.052,2.808,2.563
0.967,0.005,-0.286,3.540,1.648,1.587
0.966,-0.003,-0.288,3.601,0.549,0.854
0.962,-0.020,-0.292,2.563,0.305,0.671
0.962,-0.041,-0.300,0.366,0.427,1.038
0.967,-0.009,-0.299,-3.174,0.488,1.831
0.955,0.053,-0.293,-3.723,-0.549,2.747
0.960,0.062,-0.279,2.075,-1.099,2.625
0.963,0.037,-0.263,9.155,-1.343,2.380
0.952,0.012,-0.248,11.719,-1.770,2.014
0.953,-0.015,-0.244,9.521,-1.648,1.404
0.959,-0.037,-0.252,4.822,-0.671,0.732
0.966,-0.020,-0.269,-1.404,0.061,0.732
0.963,0.012,-0.267,-5.310,-0.610,1.099
0.959,0.028,-0.260,-5.005,-1.404,0.916
0.964,0.017,-0.258,-2.014,-0.977,1.160
0.960,0.001,-0.260,0.488,-0.549,1.648
0.958,-0.013,-0.267,1.587,-0.061,1.953

-0.403,-0.358,2.071,46.204,46.753,3.784
-0.457,-0.400,2.133,43.701,62.622,7.507
-0.471,-0.435,2.171,40.100,82.214,12.573
-0.509,-0.455,2.161,35.217,105.103,19.836
-0.529,-0.465,2.091,29.541,130.066,28.687
-0.536,-0.437,1.971,23.315,155.396,38.635
-0.541,-0.388,1.823,18.127,176.941,47.913
-0.541,-0.338,1.691,16.479,192.993,54.993
-0.561,-0.288,1.583,16.968,203.857,59.448
-0.576,-0.229,1.492,17.761,212.097,61.462
-0.592,-0.209,1.411,19.409,218.628,61.218
-0.593,-0.197,1.327,19.958,224.976,60.547
-0.594,-0.202,1.243,17.395,231.018,59.265
-0.578,-0.190,1.148,10.193,238.037,57.678
-0.564,-0.150,1.035,2.502,245.117,57.373
-0.536,-0.088,0.884,-2.502,254.456,57.373
-0.473,-0.038,0.724,-2.747,262.085,56.580
-0.394,-0.031,0.603,0.061,263.306,54.016
-0.327,-0.028,0.503,2.197,261.414,51.636
-0.256,-0.008,0.415,3.418,257.202,50.476
-0.176,0.012,0.333,2.625,251.404,47.852
-0.094,0.017,0.282,-2.441,244.202,41.992
-0.039,0.034,0.251,-10.376,237.305,36.011
0.003,0.054,0.227,-15.015,232.361,32.349
0.058,0.069,0.198,-14.404,230.103,30.579
0.128,0.066,0.162,-10.376,228.821,29.724
0.199,0.049,0.118,-6.348,227.844,29.602
0.262,0.055,0.063,-5.737,225.220,28.687
0.328,0.050,0.023,-8.850,218.628,24.414
0.382,0.024,0.000,-14.832,209.106,18.127
0.422,0.032,-0.043,-22.339,203.003,13.062
0.493,0.050,-0.083,-23.193,198.059,11.536
0.544,0.035,-0.113,-16.357,191.895,10.742
0.593,-0.007,-0.144,-8.911,186.218,10.681
0.639,-0.033,-0.154,-5.676,179.504,12.146
0.677,-0.047,-0.162,-6.104,172.058,13.611
0.705,-0.043,-0.182,-8.301,166.931,14.648
0.735,-0.040,-0.202,-9.460,161.926,16.174
0.758,-0.038,-0.247,-10.803,157.043,16.724
0.800,-0.037,-0.271,-13.245,151.306,16.174
0.823,-0.029,-0.292,-15.320,143.494,15.442
0.849,-0.049,-0.317,-18.188,137.451,13.611
0.885,-0.053,-0.334,-23.804,131.104,11.597
0.905,-0.021,-0.358,-29.480,124.939,10.315
0.930,0.011,-0.369,-29.236,119.202,10.681
0.938,0.025,-0.363,-22.217,113.953,12.512
0.942,0.039,-0.372,-13.977,110.657,15.076
0.938,0.075,-0.399,-4.944,107.483,18.250
0.940,0.076,-0.423,2.930,102.356,18.494
0.952,0.036,-0.446,5.981,97.473,14.954
0.978,0.027,-0.476,2.380,91.614,11.108
0.995,0.039,-0.496,-2.502,84.900,7.812
0.999,0.023,-0.486,-2.808,77.515,6.409
0.990,-0.008,-0.457,-1.465,71.777,5.493
0.992,-0.057,-0.415,-4.028,67.566,5.371
0.993,-0.074,-0.405,-12.146,65.369,5.493
0.991,-0.077,-0.413,-24.841,65.247,5.554
0.989,-0.067,-0.422,-38.025,65.125,6.226
0.998,-0.045,-0.435,-51.208,64.941,7.141
1.008,0.013,-0.481,-62.073,64.392,7.507
1.030,0.101,-0.561,-64.209,62.805,8.911
1.042,0.168,-0.617,-50.964,57.373,11.658
1.046,0.193,-0.623,-26.245,48.767,14.587
1.050,0.179,-0.586,1.282,38.696,16.968
1.035,0.122,-0.503,24.475,28.992,18.677
1.010,0.061,-0.412,38.269,21.545,19.531
0.993,0.008,-0.328,40.161,15.930,18.799
0.976,-0.036,-0.265,31.738,12.268,15.503
0.973,-0.049,-0.234,16.052,10.193,11.292
0.981,-0.036,-0.227,0.488,8.545,7.507
0.972,0.009,-0.229,-8.850,7.324,5.371
0.970,0.045,-0.230,-9.155,6.226,3.723
0.976,0.050,-0.222,-3.601,5.432,1.953
0.981,0.028,-0.210,4.517,4.272,0.977
0.981,0.006,-0.192,10.742,3.174,0.854
0.968,-0.021,-0.163,14.038,1.587,0.732
0.966,-0.047,-0.149,13.367,1.160,-0.061
0.972,-0.058,-0.161,10.254,2.319,0.000
0.975,-0.052,-0.176,6.958,3.235,1.099
0.970,-0.028,-0.183,5.005,3.967,2.563
0.974,-0.017,-0.189,5.188,4.944,3.906
0.976,-0.000,-0.198,5.798,5.554,4.700
0.972,0.027,-0.204,5.676,4.822,5.005
0.974,0.044,-0.210,5.981,3.601,4.395
0.980,0.041,-0.209,6.348,2.441,2.991
0.980,0.041,-0.211,6.165,1.526,2.197
0.983,0.038,-0.215,6.592,1.526,2.319
0.981,0.021,-0.211,8.728,2.502,3.418
0.979,0.003,-0.212,10.010,3.784,4.883
0.976,0.006,-0.216,8.423,4.333,5.798
0.970,0.027,-0.220,5.676,3.662,6.104
0.978,0.032,-0.227,3.235,2.686,5.066
0.982,0.035,-0.230,2.136,1.099,3.906
0.978,0.051,-0.235,1.160,-0.061,3.418
0.974,0.063,-0.234,1.953,-1.343,2.686
0.971,0.069,-0.224,4.578,-2.319,1.953
0.971,0.052,-0.208,7.568,-2.869,0.977
0.970,0.028,-0.195,9.216,-2.563,0.244
0.971,0.015,-0.185,8.667,-2.197,0.549
0.968,0.014,-0.176,6.531,-1.770,0.977
0.967,0.012,-0.170,3.845,-1.282,0.671
0.972,0.018,-0.173,0.732,-0.671,0.549
0.972,0.042,-0.186,-1.526,-0.244,0.793
0.971,0.057,-0.192,-0.732,-0.305,0.610
0.973,0.053,-0.191,1.892,-0.793,0.183
0.975,0.039,-0.188,3.906,-1.038,-0.244
0.977,0.031,-0.184,4.333,-1.648,-0.671
0.972,0.021,-0.175,3.601,-1.770,-1.038
0.971,0.011,-0.170,2.258,-1.099,-0.977
0.971,0.002,-0.170,0.854,0.000,-0.732
0.968,0.003,-0.175,-1.099,1.038,0.122
0.962,0.004,-0.180,-2.747,2.319,0.854
0.968,0.010,-0.191,-4.395,3.357,1.099
0.975,0.021,-0.206,-5.981,3.601,0.610
0.977,0.040,-0.223,-5.676,3.174,0.244
0.984,0.044,-0.230,-3.479,2.380,0.000
0.985,0.046,-0.225,-0.366,0.977,0.183
0.974,0.044,-0.207,2.625,-0.732,0.305
0.970,0.032,-0.188,4.089,-1.587,-0.061

-0.244,-0.443,1.889,35.522,72.876,14.404
-0.244,-0.449,1.867,27.527,89.111,19.775
-0.257,-0.439,1.826,19.897,104.858,24.719
-0.259,-0.424,1.767,14.587,119.324,29.846
-0.272,-0.398,1.697,12.085,133.057,35.156
-0.279,-0.375,1.636,12.634,144.531,39.307
-0.286,-0.367,1.590,12.878,153.320,41.748
-0.297,-0.350,1.555,11.047,159.790,42.542
-0.319,-0.346,1.528,8.972,166.260,42.419
-0.329,-0.357,1.494,8.179,174.622,43.030
-0.329,-0.366,1.454,7.202,185.120,45.898
-0.341,-0.368,1.384,5.981,196.533,49.683
-0.327,-0.330,1.273,2.625,208.801,54.993
-0.317,-0.275,1.169,-0.061,216.858,58.960
-0.309,-0.233,1.079,-0.732,221.375,60.059
-0.290,-0.207,0.998,1.282,224.365,59.875
-0.267,-0.205,0.927,3.357,225.159,58.960
-0.251,-0.199,0.849,0.366,225.525,57.312
-0.230,-0.160,0.757,-8.728,226.501,54.810
-0.203,-0.118,0.665,-17.822,228.027,51.636
-0.148,-0.077,0.563,-22.400,230.713,49.377
-0.083,-0.057,0.486,-22.156,231.689,47.485
-0.023,-0.057,0.426,-20.081,230.408,45.532
0.033,-0.066,0.372,-18.372,228.271,43.579
0.080,-0.060,0.298,-19.043,226.135,41.199
0.131,-0.041,0.224,-20.813,222.595,38.330
0.190,-0.044,0.162,-20.386,216.003,34.973
0.242,-0.039,0.115,-21.423,209.290,31.616
0.299,-0.040,0.104,-22.095,203.186,29.541
0.339,-0.055,0.104,-19.836,197.327,28.992
0.383,-0.050,0.079,-18.860,195.251,30.151
0.433,-0.051,0.068,-18.188,191.833,30.884
0.475,-0.030,0.022,-18.738,187.744,30.029
0.511,-0.006,-0.021,-17.456,183.899,28.870
0.539,0.000,-0.055,-9.583,179.565,29.724
0.585,-0.006,-0.093,-0.061,177.307,32.043
0.639,-0.010,-0.112,8.179,173.462,36.011
0.655,-0.006,-0.105,11.169,167.969,38.452
0.662,0.009,-0.109,7.996,163.208,39.001
0.697,0.022,-0.130,0.549,160.339,37.903
0.725,0.060,-0.181,-7.935,157.776,36.438
0.747,0.109,-0.228,-13.794,154.663,35.278
0.767,0.140,-0.260,-13.062,149.719,33.508
0.788,0.161,-0.288,-8.972,145.691,31.555
0.818,0.155,-0.306,-4.761,141.418,29.053
0.847,0.147,-0.327,-4.272,137.329,26.123
0.861,0.143,-0.344,-8.423,131.775,22.705
0.858,0.135,-0.348,-14.832,126.282,18.799
0.860,0.151,-0.379,-21.973,122.192,14.771
0.865,0.153,-0.426,-26.733,118.469,10.132
0.883,0.167,-0.488,-26.917,115.295,6.042
0.906,0.163,-0.524,-20.325,110.352,4.700
0.915,0.156,-0.552,-9.155,105.713,5.310
0.932,0.143,-0.572,2.319,101.318,7.385
0.941,0.125,-0.581,9.583,95.642,9.033
0.949,0.114,-0.605,10.376,89.539,8.606
0.968,0.108,-0.626,7.874,83.130,7.263
0.976,0.083,-0.628,6.165,75.989,7.080
0.985,0.035,-0.612,3.723,69.702,7.874
0.991,-0.002,-0.600,-2.686,64.575,9.277
0.996,-0.005,-0.583,-13.550,58.533,10.437
0.999,0.037,-0.583,-24.658,51.941,10.864
1.003,0.093,-0.615,-28.442,46.631,11.475
0.986,0.166,-0.640,-18.555,41.321,14.160
0.985,0.185,-0.651,3.357,37.537,17.151
1.000,0.139,-0.631,30.457,33.569,19.531
0.995,0.080,-0.598,52.185,28.259,21.790
0.985,0.043,-0.565,62.256,21.545,22.339
0.968,0.008,-0.513,60.669,13.672,19.592
0.960,-0.011,-0.457,50.476,7.324,15.320
0.963,-0.015,-0.421,35.583,3.479,12.207
0.964,0.017,-0.400,19.897,1.709,10.742
0.946,0.072,-0.374,6.104,0.732,10.010
0.949,0.124,-0.359,-2.441,0.488,8.606
0.956,0.167,-0.356,-5.798,1.282,7.324
0.964,0.193,-0.357,-3.235,1.648,7.019
0.969,0.198,-0.353,4.639,1.038,7.446
0.966,0.185,-0.336,15.442,0.000,8.301
0.962,0.139,-0.303,23.926,-1.648,8.118
0.959,0.102,-0.265,25.269,-3.479,7.141
0.947,0.085,-0.230,20.203,-3.662,6.104
0.947,0.089,-0.222,12.085,-2.197,5.615
0.948,0.117,-0.229,3.784,0.305,5.066
0.946,0.148,-0.235,-2.136,1.587,4.944
0.948,0.174,-0.245,-5.249,2.380,4.089
0.953,0.204,-0.268,-6.531,3.296,2.686
0.964,0.208,-0.292,-3.479,3.113,1.587
0.962,0.178,-0.292,2.319,2.258,0.610
0.957,0.131,-0.286,6.287,1.038,-0.610
0.956,0.095,-0.282,4.578,0.671,-1.831
0.960,0.086,-0.278,-0.793,0.366,-2.747
0.962,0.094,-0.273,-6.409,-0.427,-2.991
0.962,0.112,-0.268,-10.254,-1.038,-2.991
0.957,0.134,-0.265,-11.536,-2.014,-3.174
0.958,0.146,-0.267,-10.010,-2.502,-3.357
0.958,0.144,-0.264,-6.348,-2.319,-3.601
0.954,0.129,-0.249,-1.526,-2.441,-4.028
0.956,0.092,-0.237,2.075,-2.258,-4.272
0.950,0.060,-0.225,2.686,-1.648,-4.150
0.950,0.040,-0.228,0.000,-0.610,-3.662
0.953,0.034,-0.240,-5.554,0.244,-3.601
0.955,0.054,-0.256,-11.475,0.427,-3.479
0.958,0.078,-0.272,-15.076,0.305,-3.601
0.962,0.106,-0.284,-15.320,-0.244,-3.723
0.959,0.124,-0.292,-11.963,-0.793,-3.723
0.963,0.117,-0.280,-5.554,-1.709,-3.784
0.958,0.077,-0.254,0.854,-2.502,-4.333
0.953,0.036,-0.230,3.113,-2.319,-4.150
0.948,0.008,-0.219,1.404,-1.282,-3.723
0.949,-0.000,-0.223,-2.380,0.183,-3.052
0.948,0.023,-0.243,-6.714,1.831,-2.075
0.956,0.055,-0.280,-8.545,2.686,-1.099
0.964,0.081,-0.309,-7.263,2.197,-0.549
0.964,0.090,-0.315,-3.967,0.488,-0.610
0.967,0.081,-0.302,-0.610,-1.587,-1.099
0.961,0.073,-0.286,1.526,-3.052,-1.709
0.958,0.063,-0.273,2.502,-3.601,-2.014
0.960,0.044,-0.264,2.991,-3.296,-1.709
0.953,0.036,-0.259,2.380,-2.869,-0.977

-0.241,-0.477,1.829,29.663,82.153,20.264
-0.254,-0.470,1.776,25.879,99.365,26.733
-0.256,-0.459,1.707,22.644,114.807,33.020
-0.260,-0.442,1.638,19.714,127.136,38.696
-0.257,-0.423,1.570,16.907,138.184,43.213
-0.265,-0.387,1.499,14.099,147.278,47.180
-0.271,-0.350,1.434,11.780,154.541,48.950
-0.273,-0.333,1.379,12.329,159.851,48.706
-0.277,-0.350,1.338,15.381,164.490,48.523
-0.283,-0.360,1.300,17.273,169.861,50.110
-0.276,-0.356,1.248,16.724,176.697,52.551
-0.261,-0.351,1.184,13.367,183.350,54.382
-0.245,-0.335,1.118,8.545,188.904,55.969
-0.234,-0.317,1.064,3.052,192.749,56.885
-0.221,-0.282,0.993,-3.723,197.388,56.946
-0.202,-0.232,0.901,-7.996,201.965,56.946
-0.176,-0.194,0.820,-4.822,203.613,57.190
-0.146,-0.194,0.762,2.502,203.979,56.641
-0.111,-0.217,0.722,7.202,203.064,55.908
-0.086,-0.219,0.701,5.615,201.111,54.443
-0.050,-0.231,0.700,-1.160,198.792,51.208
-0.020,-0.245,0.665,-11.719,199.158,47.058
0.029,-0.228,0.602,-24.292,202.637,44.983
0.069,-0.176,0.526,-33.386,204.468,44.128
0.090,-0.124,0.441,-35.095,206.726,44.617
0.127,-0.084,0.363,-30.151,207.275,45.715
0.177,-0.067,0.333,-23.499,203.674,45.105
0.209,-0.057,0.323,-18.860,197.998,42.297
0.235,-0.056,0.305,-19.104,194.702,37.964
0.277,-0.067,0.295,-19.897,191.284,34.973
0.312,-0.059,0.256,-20.935,190.247,33.752
0.347,-0.046,0.200,-21.790,190.979,33.264
0.389,-0.041,0.122,-21.484,192.871,33.386
0.441,-0.024,0.029,-19.165,194.458,34.973
0.498,-0.000,-0.041,-15.747,192.139,36.926
0.538,0.013,-0.057,-15.137,184.082,35.583
0.559,0.021,-0.086,-18.921,174.744,30.334
0.602,0.040,-0.111,-29.358,168.091,23.315
0.651,0.075,-0.164,-39.185,163.940,17.822
0.702,0.087,-0.241,-41.809,163.818,16.174
0.747,0.075,-0.308,-39.307,164.612,17.395
0.791,0.039,-0.370,-35.706,162.659,18.433
0.817,0.037,-0.472,-34.851,159.912,18.433
0.878,0.069,-0.539,-33.325,153.442,18.433
0.923,0.116,-0.603,-28.931,143.799,17.273
0.963,0.174,-0.671,-19.165,135.742,17.395
0.995,0.217,-0.725,-3.235,127.869,20.508
1.001,0.222,-0.741,13.367,119.690,23.010
1.001,0.202,-0.698,24.841,109.741,23.865
1.000,0.178,-0.653,26.245,100.342,22.095
1.007,0.166,-0.630,18.860,92.590,17.578
1.009,0.164,-0.614,7.202,84.229,11.414
1.014,0.161,-0.600,-2.563,75.439,4.517
1.027,0.128,-0.577,-6.348,66.650,-0.854
1.039,0.098,-0.540,-5.798,57.007,-3.662
1.029,0.068,-0.478,-3.418,47.119,-6.042
1.024,0.060,-0.430,1.038,39.368,-6.226
1.014,0.070,-0.376,6.470,33.447,-5.432
1.001,0.052,-0.314,13.062,28.870,-5.005
0.999,0.010,-0.252,19.592,26.245,-4.272
0.984,-0.016,-0.212,21.973,25.085,-3.357
0.974,-0.026,-0.200,20.569,25.330,-2.930
0.976,-0.033,-0.207,17.212,25.146,-2.991
0.982,-0.041,-0.223,13.367,23.499,-3.784
0.983,-0.047,-0.225,9.949,20.752,-4.578
0.985,-0.046,-0.221,6.165,18.677,-5.005
0.995,-0.040,-0.227,3.479,19.104,-4.883
0.998,-0.043,-0.253,4.517,21.118,-3.418
1.005,-0.046,-0.288,8.179,22.766,-0.977
1.003,-0.051,-0.315,10.620,22.583,1.343
1.004,-0.052,-0.328,10.132,19.470,2.319
1.006,-0.038,-0.325,6.348,14.587,1.404
1.000,-0.029,-0.290,1.587,9.277,-0.305
0.998,-0.033,-0.249,-1.770,5.310,-1.892
0.996,-0.010,-0.242,-5.127,4.639,-2.136
0.996,-0.011,-0.229,-2.686,4.822,-0.793
0.993,-0.025,-0.201,2.563,5.005,1.282
0.980,-0.029,-0.189,6.531,5.005,3.479
0.978,-0.023,-0.183,7.751,4.639,3.967
0.972,-0.012,-0.160,7.141,2.197,3.418
0.970,-0.010,-0.136,5.676,0.366,2.197
0.964,-0.017,-0.127,3.479,-0.244,0.488
0.967,-0.025,-0.136,1.160,0.122,-0.793
0.965,-0.030,-0.136,-0.977,0.549,-1.953
0.976,-0.035,-0.149,-0.610,2.686,-1.892
0.974,-0.041,-0.153,2.380,5.554,0.244
0.984,-0.050,-0.166,5.188,7.324,2.502
0.979,-0.042,-0.175,5.920,7.751,3.784
0.979,-0.040,-0.171,4.761,6.592,3.967
0.981,-0.037,-0.174,2.136,5.920,3.601
0.969,-0.003,-0.174,-1.343,5.310,3.296
0.968,0.006,-0.178,-1.282,5.371,2.441
0.982,-0.005,-0.192,1.038,6.653,2.075
0.977,-0.016,-0.210,2.869,6.592,2.014
0.985,-0.026,-0.218,3.601,5.737,1.587
0.989,-0.036,-0.219,2.808,4.333,1.221
0.988,-0.038,-0.217,0.610,3.174,1.038
0.988,-0.025,-0.217,-2.197,2.625,1.404
0.987,-0.003,-0.222,-3.845,2.258,2.014
0.985,0.035,-0.231,-2.808,1.953,2.747
0.983,0.026,-0.219,1.648,0.488,3.052
0.974,0.008,-0.185,5.737,-1.099,2.747
0.973,-0.002,-0.159,5.615,-1.953,1.404
0.969,0.000,-0.144,2.563,-2.380,0.244
0.970,0.000,-0.144,0.732,-1.465,-0.366
0.980,-0.011,-0.155,0.977,0.366,0.122
0.977,-0.019,-0.163,1.343,1.526,0.793
0.977,-0.013,-0.177,0.977,2.197,1.465
0.980,-0.002,-0.185,0.183,2.502,2.197
0.974,0.007,-0.182,0.854,1.709,2.747
0.970,0.003,-0.177,2.197,1.221,1.953
0.971,-0.008,-0.177,1.343,1.038,0.977
0.974,-0.009,-0.179,-1.343,0.854,-0.549
0.971,-0.004,-0.180,-3.418,0.061,-2.014
0.977,-0.007,-0.188,-2.625,0.244,-2.380
0.984,-0.025,-0.195,0.671,0.977,-1.648
0.978,-0.045,-0.194,3.113,0.793,-0.610
0.979,-0.056,-0.195,2.686,0.549,0.305
0.977,-0.048,-0.204,0.183,0.854,0.854

-0.332,-0.360,2.022,18.494,48.950,-3.235
-0.364,-0.404,2.120,17.944,62.378,-0.916
-0.406,-0.430,2.170,19.104,80.139,5.127
-0.421,-0.450,2.188,21.240,101.563,14.221
-0.466,-0.464,2.156,23.926,124.329,24.048
-0.477,-0.465,2.084,25.330,148.254,34.729
-0.498,-0.455,1.993,24.902,169.983,44.678
-0.517,-0.452,1.877,21.729,190.186,53.223
-0.536,-0.418,1.748,15.320,207.031,60.242
-0.544,-0.378,1.598,6.104,220.642,64.453
-0.537,-0.323,1.422,-4.150,231.445,66.589
-0.526,-0.247,1.243,-12.878,239.685,67.749
-0.514,-0.176,1.079,-15.320,244.141,67.566
-0.490,-0.131,0.937,-12.756,247.070,65.491
-0.448,-0.115,0.814,-7.202,249.390,63.721
-0.403,-0.107,0.695,-1.770,250.977,62.805
-0.339,-0.096,0.581,0.000,250.671,61.951
-0.269,-0.092,0.489,-1.953,246.460,59.265
-0.199,-0.079,0.411,-7.629,240.723,55.420
-0.124,-0.052,0.370,-12.512,232.483,52.307
-0.053,-0.039,0.387,-14.099,221.680,49.316
-0.006,-0.051,0.410,-12.939,214.600,46.265
0.044,-0.056,0.400,-10.742,212.952,46.021
0.095,-0.046,0.364,-6.226,212.952,48.645
0.141,-0.054,0.315,-1.160,211.426,49.866
0.172,-0.062,0.256,-0.183,209.045,49.561
0.218,-0.050,0.220,-0.793,204.102,49.927
0.279,-0.032,0.201,-0.183,197.449,50.171
0.326,-0.020,0.179,0.061,192.139,49.011
0.383,0.005,0.172,-1.892,187.256,47.363
0.413,0.030,0.173,-3.296,182.190,46.021
0.450,0.071,0.169,-4.883,179.138,45.471
0.471,0.080,0.171,-3.967,176.147,44.373
0.487,0.087,0.153,-2.441,175.964,44.128
0.517,0.089,0.117,-0.793,176.636,45.227
0.544,0.098,0.047,-0.732,177.307,45.349
0.595,0.091,0.002,-3.418,175.049,42.908
0.625,0.064,-0.035,-7.263,170.166,39.490
0.654,0.056,-0.091,-12.512,167.114,36.804
0.692,0.070,-0.132,-17.761,162.720,34.790
0.725,0.097,-0.170,-22.583,158.264,33.447
0.751,0.141,-0.210,-24.841,154.846,33.325
0.764,0.172,-0.248,-22.461,150.696,33.630
0.795,0.211,-0.287,-19.714,147.095,33.081
0.830,0.231,-0.324,-14.893,142.578,31.738
0.853,0.248,-0.380,-11.169,137.451,28.809
0.880,0.248,-0.412,-8.179,131.042,25.635
0.905,0.227,-0.419,-5.493,123.047,23.132
0.910,0.179,-0.397,-6.897,115.845,19.592
0.904,0.117,-0.371,-15.625,109.497,15.381
0.895,0.084,-0.361,-33.386,104.675,11.169
0.912,0.100,-0.381,-55.115,100.647,7.568
0.933,0.180,-0.454,-72.754,96.802,3.174
0.950,0.254,-0.529,-72.327,92.651,1.160
0.966,0.274,-0.571,-50.720,87.585,2.686
0.993,0.241,-0.574,-20.325,81.726,6.775
0.991,0.205,-0.559,4.028,73.853,9.888
0.978,0.179,-0.529,16.846,64.453,10.071
0.985,0.134,-0.477,19.775,54.688,7.568
0.982,0.076,-0.432,13.672,45.898,4.639
0.974,0.067,-0.401,-0.122,39.673,2.075
0.958,0.121,-0.385,-15.320,35.278,-0.488
0.967,0.186,-0.400,-22.034,34.058,-2.808
0.977,0.204,-0.424,-14.404,35.339,-2.808
0.991,0.186,-0.443,0.244,36.316,-0.366
0.991,0.163,-0.434,12.939,34.485,2.808
0.992,0.139,-0.413,18.921,29.785,3.845
0.970,0.120,-0.372,17.212,24.231,2.502
0.969,0.099,-0.341,9.399,20.325,-0.854
0.978,0.099,-0.332,-0.244,17.578,-3.479
0.977,0.124,-0.339,-8.057,15.625,-5.432
0.979,0.136,-0.339,-9.888,14.282,-6.592
0.983,0.125,-0.328,-6.226,14.160,-6.470
0.989,0.099,-0.304,-0.671,15.015,-4.395
0.980,0.089,-0.285,4.272,17.029,-0.854
0.969,0.100,-0.291,8.423,19.775,3.601
0.968,0.117,-0.309,13.245,21.423,6.653
0.970,0.115,-0.323,16.968,20.325,7.629
0.972,0.111,-0.326,16.052,16.418,5.554
0.979,0.124,-0.325,8.911,12.207,2.258
0.972,0.145,-0.320,0.671,8.423,-1.221
0.973,0.167,-0.324,-4.517,6.104,-3.723
0.970,0.166,-0.319,-3.418,5.127,-4.822
0.975,0.121,-0.298,2.930,5.676,-4.272
0.970,0.077,-0.280,7.751,6.897,-2.808
0.959,0.055,-0.261,7.935,7.324,-0.732
0.955,0.040,-0.258,3.174,7.874,0.366
0.956,0.071,-0.271,-3.845,7.996,0.549
0.965,0.089,-0.284,-9.644,5.554,-1.465
0.973,0.094,-0.278,-13.550,2.197,-3.784
0.966,0.115,-0.268,-15.198,-0.671,-5.554
0.963,0.128,-0.265,-12.207,-1.831,-6.409
0.963,0.100,-0.256,-4.028,-1.404,-6.348
0.968,0.048,-0.238,3.662,-0.305,-5.066
0.963,0.012,-0.226,5.737,0.793,-3.723
0.960,0.003,-0.233,2.808,1.709,-2.991
0.960,0.010,-0.250,-1.709,2.075,-2.502
0.963,0.031,-0.264,-5.798,1.526,-2.197
0.963,0.055,-0.279,-7.935,0.732,-2.258
0.970,0.084,-0.285,-7.263,-0.366,-2.319
0.966,0.095,-0.274,-4.028,-2.075,-2.563
0.965,0.079,-0.256,1.648,-2.625,-2.686
0.966,0.064,-0.230,6.104,-2.502,-1.892
0.957,0.046,-0.212,8.423,-2.014,-0.732
0.960,0.034,-0.205,8.179,-0.244,0.427
0.953,0.038,-0.208,6.042,0.671,1.587
0.955,0.058,-0.217,2.991,1.343,2.014
0.955,0.070,-0.223,0.488,1.343,1.526
0.960,0.078,-0.236,-1.160,1.587,1.099
0.963,0.089,-0.253,-1.038,2.075,0.732
0.968,0.084,-0.266,0.549,1.709,0.610
0.971,0.085,-0.273,1.526,1.221,0.244
0.970,0.087,-0.270,2.075,0.244,0.000
0.973,0.083,-0.262,2.380,-0.854,-0.549
0.962,0.086,-0.244,2.014,-1.526,-0.671
0.958,0.079,-0.238,1.648,-1.526,-0.488
0.961,0.064,-0.245,0.549,-0.305,-0.671
0.959,0.067,-0.250,-1.282,0.549,-0.244
0.965,0.076,-0.261,-2.502,0.732,0.305

-0.439,-0.331,2.505,38.940,18.250,-23.865
-0.578,-0.440,2.827,39.917,27.649,-31.006
-0.613,-0.627,3.154,41.260,46.509,-30.579
-0.775,-0.820,3.341,46.448,78.552,-21.301
-0.863,-0.939,3.406,53.467,127.441,0.793
-0.963,-1.003,3.291,64.697,184.570,30.945
-1.031,-1.010,3.055,68.542,239.380,63.477
-1.091,-0.960,2.700,55.542,284.912,88.257
-1.132,-0.845,2.281,24.536,318.115,103.149
-1.178,-0.705,1.819,-13.977,339.355,109.375
-1.211,-0.493,1.350,-47.913,351.257,111.267
-1.238,-0.289,0.977,-66.101,354.797,109.436
-1.226,-0.177,0.656,-62.622,354.980,105.469
-1.143,-0.125,0.370,-48.889,355.774,102.417
-1.004,-0.107,0.121,-37.415,351.746,98.694
-0.850,-0.106,-0.035,-31.860,339.722,94.543
-0.688,-0.091,-0.113,-30.579,322.021,89.722
-0.543,-0.125,-0.097,-28.015,302.795,85.388
-0.406,-0.151,-0.111,-27.161,288.391,84.778
-0.333,-0.059,-0.155,-35.217,279.236,85.999
-0.257,0.068,-0.239,-44.312,270.630,83.130
-0.141,0.153,-0.303,-45.227,261.780,76.599
-0.031,0.180,-0.322,-35.767,250.366,70.068
0.085,0.185,-0.304,-25.330,239.197,65.674
0.201,0.200,-0.293,-19.653,227.905,62.256
0.277,0.224,-0.319,-19.592,218.262,58.044
0.327,0.268,-0.322,-20.386,208.069,53.284
0.409,0.275,-0.264,-14.771,195.862,48.889
0.454,0.244,-0.229,-8.850,189.880,45.105
0.507,0.203,-0.200,-7.202,185.974,42.908
0.537,0.199,-0.239,-11.719,183.899,41.748
0.594,0.232,-0.304,-16.724,181.458,42.297
0.652,0.278,-0.380,-19.958,173.645,41.199
0.684,0.285,-0.406,-22.705,162.354,36.621
0.716,0.292,-0.406,-23.560,152.588,32.227
0.775,0.275,-0.414,-23.010,146.423,29.419
0.828,0.266,-0.451,-24.536,142.090,26.611
0.839,0.316,-0.493,-27.954,137.756,24.658
0.865,0.341,-0.506,-28.931,132.507,23.132
0.870,0.346,-0.523,-29.785,127.380,20.203
0.881,0.367,-0.552,-33.508,122.070,15.564
0.902,0.385,-0.589,-36.133,114.929,9.644
0.913,0.369,-0.616,-35.400,107.605,3.052
0.943,0.339,-0.637,-31.128,99.182,-2.136
0.948,0.292,-0.646,-26.917,90.149,-7.446
0.969,0.230,-0.629,-24.292,80.627,-13.489
0.981,0.174,-0.572,-25.391,70.374,-17.944
0.988,0.124,-0.508,-30.579,62.744,-21.301
0.999,0.136,-0.498,-38.025,59.692,-22.644
0.997,0.158,-0.523,-38.208,59.570,-20.630
1.000,0.155,-0.542,-29.053,57.861,-17.700
1.011,0.145,-0.551,-18.066,53.772,-15.503
1.012,0.132,-0.542,-8.911,48.645,-13.855
1.008,0.118,-0.506,-2.502,42.847,-12.573
0.996,0.092,-0.452,0.610,36.804,-11.902
1.000,0.070,-0.419,-1.160,32.227,-12.512
1.001,0.071,-0.407,-5.310,28.931,-13.428
1.002,0.064,-0.395,-6.775,25.940,-13.123
1.005,0.051,-0.394,-4.150,24.170,-11.536
1.000,0.050,-0.380,-0.732,22.461,-9.094
0.988,0.051,-0.347,2.625,19.348,-7.385
0.988,0.034,-0.313,2.686,16.357,-7.263
0.998,0.035,-0.306,-0.244,14.160,-7.507
0.992,0.064,-0.299,-2.808,11.719,-6.592
0.975,0.079,-0.278,-0.427,9.277,-4.639
0.974,0.066,-0.253,4.883,8.667,-3.296
0.970,0.048,-0.223,8.179,9.033,-2.686
0.957,0.043,-0.184,7.080,8.545,-2.197
0.947,0.042,-0.165,2.441,8.545,-2.991
0.960,0.074,-0.187,-3.967,9.399,-3.357
0.967,0.093,-0.223,-6.775,10.254,-3.479
0.981,0.083,-0.253,-4.150,10.681,-3.418
0.987,0.062,-0.260,-0.732,9.033,-3.052
0.977,0.036,-0.256,0.488,6.958,-2.747
0.983,0.007,-0.239,0.854,6.104,-1.709
0.977,-0.012,-0.229,0.183,7.141,0.305
0.972,-0.005,-0.252,1.221,10.498,3.845
0.974,0.028,-0.291,2.991,12.512,6.287
0.976,0.061,-0.307,3.723,10.742,5.798
0.974,0.068,-0.298,3.479,6.592,3.601
0.983,0.072,-0.306,0.916,3.906,0.732
0.993,0.078,-0.328,-2.441,2.197,-1.160
0.998,0.085,-0.339,-5.066,0.183,-2.441
0.994,0.099,-0.331,-5.615,-2.563,-3.174
0.984,0.093,-0.300,-2.380,-4.883,-3.174
0.980,0.068,-0.261,1.953,-6.409,-3.052
0.967,0.068,-0.218,3.723,-7.446,-2.808
0.960,0.073,-0.189,4.700,-7.507,-2.563
0.954,0.058,-0.162,5.737,-6.897,-2.686
0.953,0.047,-0.148,5.493,-5.615,-2.686
0.956,0.040,-0.140,1.892,-3.662,-2.747
0.966,0.047,-0.158,-2.502,-1.038,-2.869
0.969,0.058,-0.183,-4.639,0.610,-2.319
0.965,0.077,-0.203,-3.906,1.526,-1.282
0.970,0.079,-0.216,-1.404,1.160,-1.038
0.971,0.069,-0.221,1.038,0.488,-1.892
0.973,0.065,-0.216,1.892,-0.427,-2.441
0.970,0.047,-0.204,1.587,-1.160,-2.991
0.969,0.038,-0.208,0.549,-0.732,-2.991
0.973,0.044,-0.218,0.366,0.061,-2.258
0.973,0.038,-0.222,2.197,0.366,-1.282
0.974,0.032,-0.224,4.333,0.671,0.122
0.969,0.051,-0.222,5.432,0.916,1.282
0.966,0.056,-0.213,6.531,0.427,1.526
0.967,0.047,-0.214,6.775,0.244,0.610
0.964,0.039,-0.210,4.639,-0.427,-0.427
0.968,0.030,-0.215,0.671,-0.793,-1.892
0.977,0.047,-0.231,-3.296,-0.977,-2.686
0.974,0.062,-0.237,-3.479,-1.526,-2.380
0.981,0.061,-0.231,0.000,-1.404,-1.221
0.978,0.060,-0.218,3.906,-1.404,0.610
0.970,0.070,-0.215,6.897,-0.916,2.258
0.966,0.084,-0.225,9.277,0.122,3.479
0.961,0.084,-0.230,11.169,0.122,3.601
0.961,0.078,-0.241,9.949,-0.244,2.441
0.968,0.081,-0.252,6.348,-1.770,0.488
0.976,0.089,-0.261,1.465,-3.601,-1.831
0.986,0.089,-0.273,-0.854,-5.310,-3.174
0.993,0.090,-0.273,-0.305,-6.104,-3.296

-0.580,-0.239,2.599,40.405,-5.859,-34.973
-0.710,-0.397,2.976,48.462,2.014,-37.109
-0.884,-0.569,3.328,54.138,22.156,-30.518
-1.004,-0.708,3.538,55.725,63.171,-14.404
-1.083,-0.781,3.525,52.917,121.826,5.066
-1.227,-0.752,3.317,49.561,185.303,28.442
-1.270,-0.684,2.970,43.823,243.042,52.307
-1.325,-0.593,2.569,34.546,286.804,69.275
-1.374,-0.514,2.183,19.409,317.017,76.843
-1.403,-0.435,1.772,-0.916,336.731,79.895
-1.456,-0.293,1.371,-21.912,348.877,80.139
-1.500,-0.163,1.021,-34.851,354.858,78.430
-1.476,-0.067,0.724,-36.987,357.605,74.524
-1.417,-0.051,0.504,-33.447,358.032,68.848
-1.314,-0.063,0.329,-29.358,355.957,64.209
-1.215,-0.042,0.169,-28.503,353.516,61.646
-1.059,-0.022,0.020,-28.442,351.318,59.265
-0.874,-0.035,-0.102,-28.748,347.839,55.908
-0.756,-0.007,-0.215,-34.180,343.201,51.636
-0.615,0.017,-0.301,-41.565,336.060,46.814
-0.487,0.067,-0.409,-48.340,327.454,41.687
-0.328,0.152,-0.529,-53.467,318.481,35.706
-0.141,0.188,-0.605,-46.936,303.528,30.640
0.040,0.211,-0.656,-34.851,287.720,28.320
0.174,0.187,-0.665,-20.508,271.362,26.978
0.283,0.164,-0.669,-10.559,258.301,25.513
0.405,0.114,-0.656,-4.517,247.498,24.475
0.505,0.078,-0.651,-5.493,238.770,22.705
0.607,0.070,-0.657,-10.681,227.417,21.790
0.657,0.084,-0.665,-14.832,212.769,20.264
0.728,0.083,-0.691,-17.029,198.242,18.372
0.806,0.076,-0.724,-16.235,185.669,18.311
0.879,0.099,-0.730,-12.146,172.607,21.606
0.908,0.170,-0.732,-4.089,161.377,28.320
0.916,0.243,-0.733,10.498,153.442,36.865
0.931,0.284,-0.707,27.283,144.897,43.396
0.913,0.272,-0.655,37.415,134.216,44.189
0.941,0.269,-0.643,34.180,124.634,40.833
0.950,0.268,-0.641,22.034,115.784,33.081
0.975,0.266,-0.658,5.371,106.262,22.278
0.985,0.300,-0.688,-11.719,97.778,11.475
1.023,0.297,-0.725,-20.325,90.637,2.563
1.044,0.256,-0.741,-21.301,82.458,-4.211
1.072,0.191,-0.732,-21.240,73.364,-10.193
1.088,0.164,-0.742,-22.583,65.002,-14.893
1.106,0.127,-0.768,-17.761,57.556,-15.991
1.117,0.094,-0.783,-6.714,49.622,-13.306
1.099,0.045,-0.732,7.202,38.635,-9.399
1.080,-0.013,-0.644,17.517,27.710,-6.409
1.080,-0.055,-0.552,17.944,19.043,-4.211
1.058,-0.054,-0.474,9.644,11.353,-3.967
1.034,-0.017,-0.400,-1.953,4.883,-4.761
1.020,0.043,-0.362,-10.010,1.038,-5.676
1.020,0.090,-0.330,-9.155,-0.977,-4.639
1.010,0.096,-0.293,0.854,-3.235,-2.502
1.008,0.083,-0.247,11.047,-5.310,0.732
0.999,0.072,-0.189,16.113,-7.751,2.502
0.982,0.085,-0.142,14.404,-9.827,1.953
0.978,0.096,-0.092,10.193,-11.597,-0.122
0.965,0.078,-0.057,5.859,-11.536,-2.686
0.961,0.063,-0.029,0.427,-10.681,-4.333
0.960,0.076,-0.021,-6.836,-8.911,-6.287
0.965,0.090,-0.044,-10.193,-5.920,-6.836
0.966,0.093,-0.067,-8.057,-2.563,-5.310
0.973,0.075,-0.080,-3.296,0.305,-3.662
0.981,0.032,-0.074,-0.427,1.831,-3.357
0.991,-0.000,-0.069,-0.977,3.174,-3.174
0.988,0.009,-0.081,-3.113,5.676,-1.770
0.984,0.038,-0.115,-2.625,6.836,0.977
0.992,0.049,-0.146,0.061,5.981,2.136
0.991,0.067,-0.152,1.892,2.991,2.380
0.989,0.081,-0.130,1.892,0.061,1.526
0.999,0.060,-0.113,0.793,-1.038,-0.305
1.000,0.043,-0.105,-2.197,-0.549,-1.831
1.000,0.023,-0.099,-4.822,0.061,-1.953
1.003,0.007,-0.094,-6.104,1.831,-0.610
0.992,0.028,-0.110,-4.761,4.211,3.113
0.981,0.045,-0.130,0.122,5.188,6.714
0.978,0.055,-0.138,3.113,3.479,7.080
0.981,0.062,-0.128,2.258,0.061,4.883
0.982,0.073,-0.119,-1.282,-2.869,1.526
0.977,0.079,-0.098,-3.723,-4.944,-0.916
0.975,0.070,-0.074,-4.089,-5.493,-2.197
0.980,0.061,-0.075,-2.563,-3.845,-2.441
0.982,0.052,-0.091,-2.014,-1.831,-1.770
0.985,0.054,-0.118,-2.075,-0.854,-1.343
0.991,0.061,-0.149,-2.563,-0.854,-1.404
1.001,0.057,-0.166,-2.136,-1.282,-1.709
1.004,0.049,-0.176,-1.404,-2.747,-1.709
1.004,0.045,-0.186,-1.831,-4.700,-2.136
1.004,0.040,-0.190,-3.052,-6.897,-2.808
1.002,0.037,-0.182,-4.211,-9.338,-3.174
1.003,0.035,-0.166,-3.906,-11.108,-2.991
1.000,0.032,-0.151,-2.258,-11.841,-1.953
0.998,0.031,-0.140,-0.610,-11.536,-0.488
1.000,0.036,-0.141,0.366,-10.864,1.038
0.998,0.043,-0.163,1.770,-10.254,1.953
1.002,0.049,-0.190,3.357,-10.376,2.747
1.004,0.053,-0.207,4.333,-12.634,2.441
1.011,0.046,-0.209,4.089,-16.296,1.282
1.011,0.046,-0.208,2.258,-20.020,-0.061
1.008,0.056,-0.196,-0.977,-23.193,-0.793
1.008,0.058,-0.187,-2.319,-25.330,-1.343
1.014,0.044,-0.182,-1.770,-25.391,-0.793
1.009,0.032,-0.184,-0.488,-24.292,1.465
1.009,0.031,-0.200,1.282,-22.827,4.211
1.005,0.039,-0.227,1.770,-23.193,5.798
1.005,0.034,-0.246,0.244,-25.696,4.822
1.006,0.026,-0.252,-3.662,-30.029,2.258
1.013,0.034,-0.258,-9.644,-34.973,-0.366
1.013,0.036,-0.252,-14.954,-39.185,-2.380
1.010,0.035,-0.242,-17.822,-42.114,-2.991
1.007,0.026,-0.232,-19.531,-43.579,-2.625
0.997,0.023,-0.222,-20.996,-44.617,-1.831
0.988,0.034,-0.219,-23.193,-45.959,-1.343
0.981,0.049,-0.220,-25.818,-48.035,-2.197
0.983,0.072,-0.228,-26.733,-51.270,-2.991
0.982,0.088,-0.220,-23.926,-56.763,-3.235
0.981,0.092,-0.184,-18.433,-63.538,-3.235

-0.241,-0.424,2.247,36.682,72.571,-3.967
-0.303,-0.468,2.334,38.818,88.013,1.770
-0.373,-0.505,2.385,39.551,108.032,10.315
-0.425,-0.516,2.394,37.231,131.104,20.813
-0.475,-0.504,2.349,31.982,155.457,30.884
-0.507,-0.495,2.245,24.109,178.833,38.635
-0.532,-0.463,2.107,15.381,199.524,45.105
-0.588,-0.410,1.983,5.432,214.233,49.194
-0.653,-0.364,1.871,-3.052,227.051,50.476
-0.718,-0.327,1.757,-5.249,241.638,53.345
-0.774,-0.285,1.600,0.732,259.216,61.523
-0.801,-0.256,1.417,9.033,277.527,69.885
-0.816,-0.246,1.224,10.742,292.114,74.951
-0.805,-0.203,0.982,3.540,304.016,78.003
-0.760,-0.134,0.740,-9.094,311.218,78.247
-0.686,-0.074,0.514,-19.592,310.303,74.219
-0.593,-0.046,0.317,-26.794,304.687,68.298
-0.494,-0.026,0.161,-32.166,294.312,61.829
-0.388,-0.002,0.049,-39.551,281.128,54.565
-0.290,0.047,-0.010,-47.607,266.785,46.753
-0.214,0.066,-0.038,-52.185,254.211,38.330
-0.154,0.071,-0.070,-51.270,247.681,32.837
-0.073,0.110,-0.122,-46.997,244.873,31.616
0.073,0.151,-0.194,-37.354,241.577,31.494
0.187,0.153,-0.262,-26.978,233.765,28.503
0.271,0.107,-0.258,-23.560,220.398,23.621
0.318,0.117,-0.280,-29.053,209.106,19.775
0.398,0.168,-0.306,-35.217,200.928,17.517
0.467,0.206,-0.345,-32.471,194.214,15.747
0.521,0.224,-0.368,-22.095,188.354,15.015
0.581,0.194,-0.369,-6.592,180.969,14.771
0.633,0.119,-0.369,6.165,174.805,15.320
0.695,0.035,-0.383,9.705,169.373,16.357
0.740,-0.009,-0.416,5.127,163.574,18.494
0.790,0.001,-0.448,-4.150,154.419,20.630
0.822,0.039,-0.455,-14.832,142.761,21.729
0.846,0.097,-0.462,-23.865,133.362,21.851
0.874,0.172,-0.474,-27.283,127.380,22.949
0.885,0.219,-0.497,-22.278,124.207,24.109
0.896,0.228,-0.543,-13.062,122.925,24.536
0.903,0.217,-0.574,-5.615,119.690,23.804
0.935,0.197,-0.580,-2.808,112.915,21.667
0.946,0.154,-0.550,-6.897,102.661,16.724
0.940,0.115,-0.519,-19.775,91.980,9.277
0.942,0.115,-0.513,-39.429,84.595,1.526
0.970,0.164,-0.538,-55.725,78.796,-3.784
0.982,0.230,-0.590,-57.739,75.439,-7.019
0.999,0.237,-0.639,-37.170,74.646,-5.310
1.014,0.223,-0.650,-5.554,72.815,1.404
1.015,0.177,-0.615,20.935,67.200,7.446
1.011,0.141,-0.596,32.043,60.791,8.362
1.008,0.109,-0.567,27.283,52.917,5.127
1.004,0.091,-0.515,13.062,42.786,-0.305
1.000,0.080,-0.452,-4.700,33.508,-5.554
1.003,0.101,-0.441,-20.935,28.931,-10.803
1.020,0.134,-0.470,-24.536,28.320,-11.169
1.025,0.129,-0.487,-10.986,27.100,-6.897
1.024,0.091,-0.464,8.789,24.719,-1.709
1.004,0.046,-0.402,23.804,20.142,2.869
0.988,0.018,-0.335,27.405,15.991,4.761
0.985,0.009,-0.271,18.860,13.672,4.761
0.974,0.015,-0.229,3.784,11.353,2.319
0.967,0.046,-0.199,-13.916,8.728,-1.160
0.964,0.105,-0.181,-29.297,6.653,-4.089
0.969,0.173,-0.217,-35.095,7.935,-6.409
0.984,0.192,-0.264,-25.146,11.047,-4.883
0.998,0.149,-0.285,-7.019,11.963,-2.319
0.993,0.094,-0.265,5.981,10.498,0.061
0.981,0.036,-0.240,9.460,8.240,0.427
0.982,0.018,-0.234,4.822,7.385,0.000
0.972,0.025,-0.236,-2.930,4.639,-1.221
0.977,0.025,-0.235,-9.766,2.197,-3.113
0.988,0.029,-0.242,-14.099,1.343,-3.723
0.987,0.069,-0.253,-15.930,1.160,-3.296
0.981,0.096,-0.253,-13.184,0.610,-2.563
0.982,0.086,-0.235,-6.531,-0.244,-1.831
0.984,0.053,-0.221,-1.221,-0.122,-1.404
0.980,0.043,-0.210,-0.183,0.488,-0.366
0.969,0.051,-0.197,-0.610,0.671,0.732
0.968,0.053,-0.189,0.488,1.160,2.197
0.971,0.043,-0.204,0.732,1.953,2.625
0.974,0.049,-0.220,-0.427,1.892,2.014
0.969,0.069,-0.211,-2.563,-0.610,0.366
0.973,0.066,-0.199,-3.906,-2.991,-1.709
0.979,0.054,-0.201,-4.028,-2.869,-2.441
0.972,0.057,-0.209,-2.991,-1.831,-1.526
0.965,0.058,-0.214,-0.549,-0.732,-0.305
0.970,0.052,-0.206,3.235,-0.854,0.671
0.971,0.048,-0.199,5.127,-1.587,1.099
0.971,0.038,-0.190,4.700,-1.953,0.854
0.973,0.034,-0.186,2.441,-1.587,0.977
0.970,0.049,-0.167,-1.038,-1.587,1.282
0.965,0.068,-0.150,-3.845,-2.075,1.282
0.963,0.081,-0.155,-3.479,-0.366,1.831
0.968,0.071,-0.182,-0.488,2.319,3.174
0.973,0.054,-0.214,3.174,4.028,3.784
0.983,0.037,-0.245,3.296,3.479,3.479
0.988,0.049,-0.250,0.549,1.343,2.686
0.981,0.071,-0.225,-1.831,-2.502,1.770
0.975,0.079,-0.198,-1.709,-5.249,0.854
0.971,0.081,-0.180,0.549,-5.981,0.671
0.964,0.090,-0.166,3.418,-5.920,0.854
0.965,0.089,-0.153,5.737,-5.493,0.793
0.961,0.080,-0.139,7.141,-4.944,0.793
0.959,0.064,-0.129,7.019,-3.845,0.488
0.958,0.054,-0.126,4.456,-2.258,0.366
0.964,0.041,-0.138,0.427,-0.549,0.183
0.974,0.035,-0.153,-3.784,1.038,0.122
0.975,0.042,-0.173,-7.263,1.709,0.732
0.977,0.063,-0.197,-8.667,2.014,1.343
0.979,0.094,-0.221,-6.409,1.465,1.770
0.978,0.096,-0.224,-0.366,0.183,1.953
0.981,0.073,-0.212,6.409,-1.465,1.648
0.979,0.047,-0.194,8.606,-2.625,1.221
0.975,0.036,-0.177,5.859,-3.662,0.610
0.975,0.036,-0.170,0.854,-4.028,-0.366
0.977,0.037,-0.178,-3.540,-3.357,-0.732
0.976,0.058,-0.183,-5.615,-2.808,0.000
0.970,0.089,-0.182,-5.066,-3.418,0.793

-0.115,-0.579,2.671,46.875,76.477,-35.095
-0.199,-0.763,2.930,53.406,98.999,-22.888
-0.317,-0.855,3.050,53.406,132.385,-3.784
-0.393,-0.820,3.000,44.373,172.058,18.005
-0.470,-0.737,2.883,27.588,207.581,34.180
-0.574,-0.661,2.704,11.108,235.779,43.152
-0.644,-0.602,2.484,-0.977,258.850,49.622
-0.690,-0.569,2.245,-14.221,277.466,54.871
-0.777,-0.472,1.980,-29.541,290.771,61.462
-0.911,-0.322,1.708,-37.354,301.880,68.359
-1.049,-0.190,1.462,-31.616,313.721,73.730
-1.073,-0.142,1.278,-18.616,326.660,75.562
-1.083,-0.117,1.055,-7.690,341.370,76.904
-1.047,-0.100,0.792,-2.075,353.027,78.247
-0.949,-0.130,0.540,-4.822,356.079,76.050
-0.857,-0.105,0.335,-14.404,351.379,73.914
-0.749,-0.030,0.187,-22.278,341.370,73.242
-0.680,-0.021,0.093,-22.461,330.322,70.496
-0.608,-0.028,0.035,-17.273,321.716,69.336
-0.547,-0.046,-0.011,-11.292,315.674,69.214
-0.494,-0.026,-0.136,-5.432,315.125,70.496
-0.381,0.002,-0.291,-1.770,314.392,71.655
-0.262,0.069,-0.419,-3.906,307.495,71.350
-0.133,0.108,-0.495,-11.292,294.678,69.397
-0.044,0.161,-0.579,-22.156,281.311,66.956
0.076,0.253,-0.659,-34.607,266.785,62.683
0.155,0.334,-0.754,-41.260,251.465,54.565
0.213,0.380,-0.803,-34.973,238.647,46.265
0.338,0.354,-0.812,-15.442,228.821,41.443
0.387,0.303,-0.839,4.272,223.633,41.199
0.502,0.226,-0.889,14.648,217.896,41.687
0.579,0.195,-1.003,13.245,211.060,43.152
0.669,0.260,-1.109,-0.732,197.388,41.687
0.627,0.295,-1.179,-19.897,177.307,34.546
0.665,0.286,-1.185,-33.936,156.677,26.489
0.686,0.330,-1.188,-43.274,140.869,21.240
0.715,0.381,-1.228,-44.128,131.348,15.076
0.761,0.359,-1.261,-30.212,124.084,9.094
0.782,0.290,-1.298,-9.216,117.004,4.883
0.849,0.197,-1.264,8.789,105.652,3.723
0.869,0.136,-1.197,13.184,90.698,2.136
0.881,0.111,-1.164,2.197,77.026,-0.366
0.924,0.104,-1.162,-16.907,62.927,-4.150
0.931,0.101,-1.141,-36.743,46.326,-9.155
0.913,0.103,-1.088,-48.462,31.921,-12.756
0.927,0.121,-1.036,-46.997,22.522,-13.184
0.939,0.077,-0.961,-31.677,17.578,-10.681
0.946,0.035,-0.892,-13.550,14.465,-5.981
0.950,0.030,-0.829,-2.747,8.972,-1.587
0.948,0.067,-0.774,-0.366,0.549,-0.366
0.944,0.096,-0.687,-2.441,-8.240,-2.136
0.936,0.108,-0.598,-4.272,-16.846,-4.333
0.920,0.099,-0.503,-4.700,-22.278,-6.470
0.918,0.063,-0.389,-4.700,-24.353,-7.629
0.924,0.031,-0.300,-5.493,-23.010,-6.775
0.920,0.033,-0.269,-6.836,-17.822,-4.272
0.918,0.059,-0.305,-6.165,-11.597,-1.709
0.931,0.078,-0.369,-4.456,-8.118,-0.854
0.941,0.083,-0.440,-6.042,-8.118,-2.563
0.958,0.095,-0.505,-9.277,-11.108,-4.333
0.958,0.107,-0.558,-10.925,-16.235,-5.920
0.960,0.100,-0.617,-9.094,-19.836,-7.019
0.964,0.082,-0.666,-4.517,-23.315,-6.409
0.962,0.057,-0.680,0.183,-27.649,-4.944
0.953,0.048,-0.671,3.052,-31.433,-2.991
0.940,0.077,-0.691,3.845,-32.715,-0.549
0.950,0.122,-0.740,2.808,-35.278,0.305
0.952,0.128,-0.754,-0.854,-42.542,-2.502
0.958,0.118,-0.752,-6.409,-52.673,-6.104
0.949,0.119,-0.731,-10.559,-62.439,-8.545
0.931,0.117,-0.696,-11.047,-70.435,-9.705
0.926,0.106,-0.651,-7.385,-75.317,-8.850
0.923,0.087,-0.605,-1.221,-78.064,-6.531
0.902,0.081,-0.569,4.761,-78.613,-3.784
0.903,0.091,-0.577,9.583,-79.590,-1.465
0.902,0.090,-0.558,9.583,-84.473,-2.258
0.901,0.088,-0.531,5.066,-93.079,-4.883
0.887,0.079,-0.478,-0.793,-101.807,-8.545
0.876,0.068,-0.424,-6.165,-108.948,-10.803
0.861,0.065,-0.341,-9.888,-114.258,-12.573
0.861,0.059,-0.262,-11.047,-116.882,-13.062
0.861,0.057,-0.181,-8.728,-115.417,-11.414
0.850,0.055,-0.098,-1.465,-112.000,-8.118
0.830,0.068,-0.053,6.714,-107.483,-4.822
0.842,0.063,-0.027,10.559,-104.980,-5.371
0.850,0.028,0.003,7.507,-107.117,-10.254
0.841,0.007,0.044,-0.916,-112.366,-15.076
0.822,0.016,0.092,-10.925,-116.394,-17.700
0.822,0.029,0.139,-16.907,-116.150,-18.555
0.818,0.033,0.157,-16.052,-111.450,-17.334
0.822,0.029,0.180,-9.155,-104.553,-13.550
0.810,0.034,0.205,1.953,-98.022,-8.484
0.819,0.051,0.220,12.573,-95.032,-4.456
0.823,0.045,0.285,16.663,-98.572,-6.226
0.805,0.022,0.355,10.437,-105.652,-12.390
0.806,0.000,0.425,-1.831,-109.436,-18.250
0.795,-0.014,0.482,-12.817,-109.070,-20.996
0.796,-0.032,0.502,-20.508,-102.295,-21.240
0.813,-0.040,0.482,-24.963,-90.881,-19.043
0.826,-0.015,0.452,-25.330,-79.041,-14.221
0.825,0.016,0.430,-19.287,-70.313,-8.667
0.831,0.042,0.412,-7.690,-65.918,-4.272
0.844,0.025,0.428,1.404,-67.566,-4.517
0.832,-0.022,0.485,1.526,-73.303,-8.789
0.821,-0.058,0.536,-5.371,-76.782,-12.329
0.820,-0.081,0.561,-14.832,-76.050,-13.489
0.825,-0.073,0.548,-22.705,-71.655,-12.207
0.828,-0.068,0.524,-27.100,-65.491,-9.521
0.833,-0.051,0.466,-27.466,-58.838,-6.592
0.836,-0.013,0.393,-22.095,-52.490,-2.930
0.851,0.023,0.353,-10.925,-50.415,0.427
0.845,0.010,0.383,2.136,-54.260,1.282
0.837,-0.023,0.428,10.071,-59.509,0.183
0.820,-0.054,0.493,8.789,-65.125,-2.014
0.806,-0.073,0.554,1.160,-68.726,-3.723
0.799,-0.083,0.595,-9.766,-68.115,-4.700
0.796,-0.071,0.590,-19.409,-63.477,-3.906
0.805,-0.043,0.549,-24.658,-57.068,-1.892
0.813,-0.004,0.501,-24.475,-51.208,1.282